page,golf_classification,bifolium,paragraph_golf_v2_assignment_id,paragraph_golf_v2_assignment_code,paragraph_golf_v2_assignment_source,paragraph_golf_v2_assignment_status,paragraph_golf_v2_assignment_support,paragraph_golf_v2_class,paragraph_golf_v2_code,paragraph_golf_v2_text_kind,paragraph_golf_v2_status,paragraph_golf_v2_intermediate_candidate,paragraph_golf_v2_intermediate_code,paragraph_golf_v2_boundary,paragraph_golf_v2_display_class,paragraph_golf_v2_placement_source,paragraph_golf_v2_membership_label,paragraph_golf_v2_support_tier,paragraph_golf_v2_evidence_basis,paragraph_golf_v2_warnings,paragraph_golf_v2_affinity_joint_repeatability,paragraph_golf_v2_affinity_repeatability_target,paragraph_golf_v2_previous_working_leaf,paragraph_golf_v2_nearest_affinity,paragraph_golf_v2_reference_leaf,paragraph_golf_v2_recommendation_source,paragraph_golf_v2_include_strict,paragraph_golf_v2_include_supported,paragraph_words,paragraph_small_sample,paragraph_internal_js_bits,paragraph_outlier_score,paragraph_outlier_reference_page,paragraph_outlier_reference_js_bits,paragraph_nearest_external_page,paragraph_nearest_external_js_bits,paragraph_second_external_page,paragraph_second_external_js_bits,paragraph_early_a_isolation_percentile_min,paragraph_early_a_isolation_percentile_max,paragraph_early_a_source_bifolia,paragraph_early_a_comparison_status,paragraph_isolation_words,paragraph_isolation_text_basis,paragraph_isolation_excluded_singletons,all_golf_v2_assignment_id,all_golf_v2_assignment_code,all_golf_v2_assignment_source,all_golf_v2_assignment_status,all_golf_v2_assignment_support,all_golf_v2_class,all_golf_v2_code,all_golf_v2_text_kind,all_golf_v2_status,all_golf_v2_intermediate_candidate,all_golf_v2_intermediate_code,all_golf_v2_boundary,all_golf_v2_display_class,all_golf_v2_placement_source,all_golf_v2_membership_label,all_golf_v2_support_tier,all_golf_v2_evidence_basis,all_golf_v2_warnings,all_golf_v2_affinity_joint_repeatability,all_golf_v2_affinity_repeatability_target,all_golf_v2_previous_working_leaf,all_golf_v2_nearest_affinity,all_golf_v2_reference_leaf,all_golf_v2_recommendation_source,all_golf_v2_include_strict,all_golf_v2_include_supported,all_words,all_small_sample,all_internal_js_bits,all_outlier_score,all_outlier_reference_page,all_outlier_reference_js_bits,all_nearest_external_page,all_nearest_external_js_bits,all_second_external_page,all_second_external_js_bits,all_early_a_isolation_percentile_min,all_early_a_isolation_percentile_max,all_early_a_source_bifolia,all_early_a_comparison_status,all_isolation_words,all_isolation_text_basis,all_isolation_excluded_singletons
f1r,1 Early A,A:1-8,early_a_ch,1a,audit_recommendation,leaning,Tentative support,early_a_ch,1a,para,leaning,False,1ab,early_a_ch;early_a_y,early_a_ch,audit_recommendation,1a — leaning,qualified,qualified_page_evidence,retained_assignment_is_qualified,0.8203125,early_a_ch,early_a_ch,early_a_ch,early_a_ch,membership_20261008_recommended_leaf,False,False,210,False,0.10877918,0.9687430076233339,f42r,0.10537907,f42r,0.10537907,f9r,0.10788981,,,,not studied,,,,early_a_ch,1a,audit_recommendation,leaning,Tentative support,early_a_ch,1a,para,leaning,False,1ab,early_a_ch;early_a_y,early_a_ch,audit_recommendation,1a — leaning,qualified,qualified_page_evidence,retained_assignment_is_qualified,0.8203125,early_a_ch,early_a_ch,early_a_ch,early_a_ch,membership_20261008_recommended_leaf,False,False,210,False,0.10877918,0.9687430076233339,f42r,0.10537907,f42r,0.10537907,f9r,0.10788981,,,,not studied,,,
f1v,1 Early A,A:1-8,early_a_ch,1a,audit_recommendation,context_supported,Strong support,early_a_ch,1a,para,context_supported,False,,,early_a_ch,audit_recommendation,1a — context supported,qualified,validated_page_assistance,retained_assignment_is_qualified,0.8203125,early_a_ch,early_a_ch,early_a_ch,early_a_ch,membership_20261008_recommended_leaf,False,True,92,False,0.13322885,0.9100033513762221,f93r,0.1212387,f93r,0.1212387,f20r,0.12167077,,,,not studied,,,,early_a_ch,1a,audit_recommendation,context_supported,Strong support,early_a_ch,1a,para,context_supported,False,,,early_a_ch,audit_recommendation,1a — context supported,qualified,validated_page_assistance,retained_assignment_is_qualified,0.8203125,early_a_ch,early_a_ch,early_a_ch,early_a_ch,membership_20261008_recommended_leaf,False,True,92,False,0.13322885,0.9100033513762221,f93r,0.1212387,f93r,0.1212387,f20r,0.12167077,,,,not studied,,,
f2r,1 Early A,A:2-7,early_a_y,1b,previous_working_class_retained_audit_unresolved,uncertain_previous_class_retained,Unverified membership,,,para,atypical,False,,,early_a_y,previous_working_class_retained_audit_unresolved,1b — uncertain previous class retained,none,recommendation_withheld,no_audit_assignment;previous_class_retained_with_uncertainty;affinity_is_not_assignment;atypical_fit_not_new_leaf,0.63671875,early_a_ch,early_a_y,early_a_ch,early_a_y,membership_20261008_recommended_leaf,False,False,101,False,0.16721727,0.6715652635639847,f36r,0.11229731,f36r,0.11229731,f9v,0.1135754,,,,not studied,,,,early_a_y,1b,previous_working_class_retained_audit_unresolved,uncertain_previous_class_retained,Unverified membership,,,para,atypical,False,,,early_a_y,previous_working_class_retained_audit_unresolved,1b — uncertain previous class retained,none,recommendation_withheld,no_audit_assignment;previous_class_retained_with_uncertainty;affinity_is_not_assignment;atypical_fit_not_new_leaf,0.63671875,early_a_ch,early_a_y,early_a_ch,early_a_y,membership_20261008_recommended_leaf,False,False,101,False,0.16721727,0.6715652635639847,f36r,0.11229731,f36r,0.11229731,f9v,0.1135754,,,,not studied,,,
f2v,1 Early A,A:2-7,early_a_ch,1a,audit_recommendation,secure,Strong support,early_a_ch,1a,para,secure,False,,,early_a_ch,audit_recommendation,1a — secure,secure,independent_page_evidence,,1.0,early_a_ch,early_a_ch,early_a_ch,early_a_ch,membership_20261008_recommended_leaf,True,True,61,False,0.15472808,0.6768075969145355,f49r,0.10472114,f49r,0.10472114,f30v,0.10499031,,,,not studied,,,,early_a_ch,1a,audit_recommendation,secure,Strong support,early_a_ch,1a,para,secure,False,,,early_a_ch,audit_recommendation,1a — secure,secure,independent_page_evidence,,1.0,early_a_ch,early_a_ch,early_a_ch,early_a_ch,membership_20261008_recommended_leaf,True,True,61,False,0.15472808,0.6768075969145355,f49r,0.10472114,f49r,0.10472114,f30v,0.10499031,,,,not studied,,,
f3r,1 Early A,A:3-6,early_a_y,1b,previous_working_class_retained_audit_unresolved,uncertain_previous_class_retained,Unverified membership,,,para,multi_profile_uncertain,False,,,early_a_y,previous_working_class_retained_audit_unresolved,1b — uncertain previous class retained,none,recommendation_withheld,no_audit_assignment;previous_class_retained_with_uncertainty;affinity_is_not_assignment,0.48046875,pharma_paragraph,early_a_y,pharma_paragraph,early_a_y,membership_20261008_recommended_leaf,False,False,114,False,0.1282845,0.8165724619887827,f17v,0.10475359,f17v,0.10475359,f88r,0.11296577,,,,not studied,,,,early_a_y,1b,previous_working_class_retained_audit_unresolved,uncertain_previous_class_retained,Unverified membership,,,para,multi_profile_uncertain,False,,,early_a_y,previous_working_class_retained_audit_unresolved,1b — uncertain previous class retained,none,recommendation_withheld,no_audit_assignment;previous_class_retained_with_uncertainty;affinity_is_not_assignment,0.48046875,pharma_paragraph,early_a_y,pharma_paragraph,early_a_y,membership_20261008_recommended_leaf,False,False,114,False,0.1282845,0.8165724619887827,f17v,0.10475359,f17v,0.10475359,f88r,0.11296577,,,,not studied,,,
f3v,1 Early A,A:3-6,early_a_y,1b,audit_recommendation,secure,Strong support,early_a_y,1b,para,secure,False,,,early_a_y,audit_recommendation,1b — secure,secure,independent_page_evidence,,0.9375,early_a_y,early_a_y,early_a_y,early_a_y,membership_20261008_recommended_leaf,True,True,85,False,0.15319335,0.7671042509351744,f24r,0.11751527,f24r,0.11751527,f17v,0.12180014,,,,not studied,,,,early_a_y,1b,audit_recommendation,secure,Strong support,early_a_y,1b,para,secure,False,,,early_a_y,audit_recommendation,1b — secure,secure,independent_page_evidence,,0.9375,early_a_y,early_a_y,early_a_y,early_a_y,membership_20261008_recommended_leaf,True,True,85,False,0.15319335,0.7671042509351744,f24r,0.11751527,f24r,0.11751527,f17v,0.12180014,,,,not studied,,,
f4r,1 Early A,A:4-5,early_a_ch,1a,audit_recommendation,context_supported,Strong support,early_a_ch,1a,para,context_supported,False,1ab,early_a_ch;early_a_y,early_a_ch,audit_recommendation,1a — context supported,qualified,validated_page_assistance,retained_assignment_is_qualified,0.6953125,early_a_ch,early_a_y,early_a_ch,early_a_y,membership_20261008_recommended_leaf,False,True,64,False,0.19288426,0.511578031302295,f36r,0.09867535,f36r,0.09867535,f10r,0.10780467,,,,not studied,,,,early_a_ch,1a,audit_recommendation,context_supported,Strong support,early_a_ch,1a,para,context_supported,False,1ab,early_a_ch;early_a_y,early_a_ch,audit_recommendation,1a — context supported,qualified,validated_page_assistance,retained_assignment_is_qualified,0.6953125,early_a_ch,early_a_y,early_a_ch,early_a_y,membership_20261008_recommended_leaf,False,True,64,False,0.19288426,0.511578031302295,f36r,0.09867535,f36r,0.09867535,f10r,0.10780467,,,,not studied,,,
f4v,1 Early A,A:4-5,early_a_ch,1a,audit_recommendation,secure,Strong support,early_a_ch,1a,para,secure,False,,,early_a_ch,audit_recommendation,1a — secure,secure,independent_page_evidence,,0.9921875,early_a_ch,early_a_ch,early_a_ch,early_a_ch,membership_20261008_recommended_leaf,True,True,84,False,0.16651744,0.59908349539844,f9r,0.09975785,f9r,0.09975785,f29v,0.09992471,,,,not studied,,,,early_a_ch,1a,audit_recommendation,secure,Strong support,early_a_ch,1a,para,secure,False,,,early_a_ch,audit_recommendation,1a — secure,secure,independent_page_evidence,,0.9921875,early_a_ch,early_a_ch,early_a_ch,early_a_ch,membership_20261008_recommended_leaf,True,True,84,False,0.16651744,0.59908349539844,f9r,0.09975785,f9r,0.09975785,f29v,0.09992471,,,,not studied,,,
f5r,1 Early A,A:4-5,early_a_ch,1a,audit_recommendation,secure,Strong support,early_a_ch,1a,para,secure,False,,,early_a_ch,audit_recommendation,1a — secure,secure,independent_page_evidence,,0.99609375,early_a_ch,early_a_ch,early_a_ch,,membership_20261008_recommended_leaf,True,True,54,True,0.22138175,,,,f7r,0.12734473,f20r,0.12922129,67.88194444444444,74.82638888888889,18,rankable,54,paragraph,0,early_a_ch,1a,audit_recommendation,secure,Strong support,early_a_ch,1a,para,secure,False,,,early_a_ch,audit_recommendation,1a — secure,secure,independent_page_evidence,,0.99609375,early_a_ch,early_a_ch,early_a_ch,,membership_20261008_recommended_leaf,True,True,54,True,0.22138175,,,,f7r,0.12734473,f20r,0.12922129,,,,not studied,,,
f5v,1 Early A,A:4-5,early_a_ch,1a,audit_recommendation,context_supported,Strong support,early_a_ch,1a,para,context_supported,False,1ab,early_a_ch;early_a_y,early_a_ch,audit_recommendation,1a — context supported,qualified,validated_page_assistance,affinity_is_not_assignment;retained_assignment_is_qualified,0.6328125,early_a_y,early_a_y,early_a_y,,membership_20261008_recommended_leaf,False,True,48,True,0.18768377,,,,f19v,0.11574318,f37v,0.1240301,49.82638888888889,50.86805555555556,18,rankable,48,paragraph,0,early_a_ch,1a,audit_recommendation,context_supported,Strong support,early_a_ch,1a,para,context_supported,False,1ab,early_a_ch;early_a_y,early_a_ch,audit_recommendation,1a — context supported,qualified,validated_page_assistance,affinity_is_not_assignment;retained_assignment_is_qualified,0.6328125,early_a_y,early_a_y,early_a_y,,membership_20261008_recommended_leaf,False,True,48,True,0.18768377,,,,f19v,0.11574318,f37v,0.1240301,,,,not studied,,,
f6r,1 Early A,A:3-6,early_a_y,1b,audit_recommendation,context_supported,Strong support,early_a_y,1b,para,context_supported,False,1ab,early_a_ch;early_a_y,early_a_y,audit_recommendation,1b — context supported,qualified,validated_page_assistance,retained_assignment_is_qualified,0.93359375,early_a_y,early_a_y,early_a_y,early_a_y,membership_20261008_recommended_leaf,False,True,86,False,0.16169723,0.6913135741410041,f24r,0.11178349,f24r,0.11178349,f17v,0.11390106,,,,not studied,,,,early_a_y,1b,audit_recommendation,context_supported,Strong support,early_a_y,1b,para,context_supported,False,1ab,early_a_ch;early_a_y,early_a_y,audit_recommendation,1b — context supported,qualified,validated_page_assistance,retained_assignment_is_qualified,0.93359375,early_a_y,early_a_y,early_a_y,early_a_y,membership_20261008_recommended_leaf,False,True,86,False,0.16169723,0.6913135741410041,f24r,0.11178349,f24r,0.11178349,f17v,0.11390106,,,,not studied,,,
f6v,1 Early A,A:3-6,early_a_y,1b,audit_recommendation,secure,Strong support,early_a_y,1b,para,secure,False,,,early_a_y,audit_recommendation,1b — secure,secure,independent_page_evidence,,0.98828125,early_a_y,early_a_y,early_a_y,early_a_y,membership_20261008_recommended_leaf,True,True,116,False,0.14216224,0.7804301620458428,f10r,0.1109477,f10r,0.1109477,f9r,0.11945781,,,,not studied,,,,early_a_y,1b,audit_recommendation,secure,Strong support,early_a_y,1b,para,secure,False,,,early_a_y,audit_recommendation,1b — secure,secure,independent_page_evidence,,0.98828125,early_a_y,early_a_y,early_a_y,early_a_y,membership_20261008_recommended_leaf,True,True,116,False,0.14216224,0.7804301620458428,f10r,0.1109477,f10r,0.1109477,f9r,0.11945781,,,,not studied,,,
f7r,1 Early A,A:2-7,early_a_ch,1a,audit_recommendation,secure,Strong support,early_a_ch,1a,para,secure,False,,,early_a_ch,audit_recommendation,1a — secure,secure,independent_page_evidence,,1.0,early_a_ch,early_a_ch,early_a_ch,early_a_ch,membership_20261008_recommended_leaf,True,True,66,False,0.1816291,0.5198807349703324,f20r,0.09442547,f20r,0.09442547,f30v,0.10353289,,,,not studied,,,,early_a_ch,1a,audit_recommendation,secure,Strong support,early_a_ch,1a,para,secure,False,,,early_a_ch,audit_recommendation,1a — secure,secure,independent_page_evidence,,1.0,early_a_ch,early_a_ch,early_a_ch,early_a_ch,membership_20261008_recommended_leaf,True,True,66,False,0.1816291,0.5198807349703324,f20r,0.09442547,f20r,0.09442547,f30v,0.10353289,,,,not studied,,,
f7v,1 Early A,A:2-7,early_a_ch,1a,audit_recommendation,secure,Strong support,early_a_ch,1a,para,secure,False,,,early_a_ch,audit_recommendation,1a — secure,secure,independent_page_evidence,,1.0,early_a_ch,early_a_ch,early_a_ch,early_a_ch,membership_20261008_recommended_leaf,True,True,78,False,0.1414125,0.7898958720056573,f32v,0.11170115,f32v,0.11170115,f49v,0.11780864,,,,not studied,,,,early_a_ch,1a,audit_recommendation,secure,Strong support,early_a_ch,1a,para,secure,False,,,early_a_ch,audit_recommendation,1a — secure,secure,independent_page_evidence,,1.0,early_a_ch,early_a_ch,early_a_ch,early_a_ch,membership_20261008_recommended_leaf,True,True,78,False,0.1414125,0.7898958720056573,f32v,0.11170115,f32v,0.11170115,f49v,0.11780864,,,,not studied,,,
f8r,1 Early A,A:1-8,early_a_ch,1a,audit_recommendation,secure,Strong support,early_a_ch,1a,para,secure,False,,,early_a_ch,audit_recommendation,1a — secure,secure,independent_page_evidence,,1.0,early_a_ch,early_a_ch,early_a_ch,early_a_ch,membership_20261008_recommended_leaf,True,True,151,False,0.13528939,0.7123767798790429,f42r,0.09637702,f42r,0.09637702,f42v,0.10352813,,,,not studied,,,,early_a_ch,1a,audit_recommendation,secure,Strong support,early_a_ch,1a,para,secure,False,,,early_a_ch,audit_recommendation,1a — secure,secure,independent_page_evidence,,1.0,early_a_ch,early_a_ch,early_a_ch,early_a_ch,membership_20261008_recommended_leaf,True,True,151,False,0.13528939,0.7123767798790429,f42r,0.09637702,f42r,0.09637702,f42v,0.10352813,,,,not studied,,,
f8v,1 Early A,A:1-8,early_a_ch,1a,audit_recommendation,secure,Strong support,early_a_ch,1a,para,secure,False,,,early_a_ch,audit_recommendation,1a — secure,secure,independent_page_evidence,,0.98046875,early_a_ch,early_a_ch,early_a_ch,early_a_ch,membership_20261008_recommended_leaf,True,True,118,False,0.12030449,0.7429137515981323,f42r,0.08937586,f42r,0.08937586,f42v,0.10732495,,,,not studied,,,,early_a_ch,1a,audit_recommendation,secure,Strong support,early_a_ch,1a,para,secure,False,,,early_a_ch,audit_recommendation,1a — secure,secure,independent_page_evidence,,0.98046875,early_a_ch,early_a_ch,early_a_ch,early_a_ch,membership_20261008_recommended_leaf,True,True,118,False,0.12030449,0.7429137515981323,f42r,0.08937586,f42r,0.08937586,f42v,0.10732495,,,,not studied,,,
f9r,1 Early A,B:9-16,early_a_y,1b,audit_recommendation,context_supported,Strong support,early_a_y,1b,para,context_supported,False,1ab,early_a_ch;early_a_y,early_a_y,audit_recommendation,1b — context supported,qualified,validated_page_assistance,retained_assignment_is_qualified,0.8671875,early_a_y,early_a_y,early_a_y,early_a_y,membership_20261008_recommended_leaf,False,True,85,False,0.16878742,0.4658572303552006,f45v,0.07863084,f45v,0.07863084,f37r,0.08219003,,,,not studied,,,,early_a_y,1b,audit_recommendation,context_supported,Strong support,early_a_y,1b,para,context_supported,False,1ab,early_a_ch;early_a_y,early_a_y,audit_recommendation,1b — context supported,qualified,validated_page_assistance,retained_assignment_is_qualified,0.8671875,early_a_y,early_a_y,early_a_y,early_a_y,membership_20261008_recommended_leaf,False,True,85,False,0.16878742,0.4658572303552006,f45v,0.07863084,f45v,0.07863084,f37r,0.08219003,,,,not studied,,,
f9v,1 Early A,B:9-16,early_a_y,1b,audit_recommendation,secure,Strong support,early_a_y,1b,para,secure,False,,,early_a_y,audit_recommendation,1b — secure,secure,independent_page_evidence,,0.953125,early_a_y,early_a_y,early_a_y,early_a_y,membership_20261008_recommended_leaf,True,True,86,False,0.14778476,0.48007670073693665,f37r,0.07094802,f37r,0.07094802,f10r,0.08145745,,,,not studied,,,,early_a_y,1b,audit_recommendation,secure,Strong support,early_a_y,1b,para,secure,False,,,early_a_y,audit_recommendation,1b — secure,secure,independent_page_evidence,,0.953125,early_a_y,early_a_y,early_a_y,early_a_y,membership_20261008_recommended_leaf,True,True,86,False,0.14778476,0.48007670073693665,f37r,0.07094802,f37r,0.07094802,f10r,0.08145745,,,,not studied,,,
f10r,1 Early A,B:10-15,early_a_y,1b,audit_recommendation,context_supported,Strong support,early_a_y,1b,para,context_supported,False,1ab,early_a_ch;early_a_y,early_a_y,audit_recommendation,1b — context supported,qualified,validated_page_assistance,retained_assignment_is_qualified,0.93359375,early_a_y,early_a_y,early_a_y,early_a_y,membership_20261008_recommended_leaf,False,True,92,False,0.11039675,0.7293698410505745,f37r,0.08052006,f37r,0.08052006,f9v,0.08145745,,,,not studied,,,,early_a_y,1b,audit_recommendation,context_supported,Strong support,early_a_y,1b,para,context_supported,False,1ab,early_a_ch;early_a_y,early_a_y,audit_recommendation,1b — context supported,qualified,validated_page_assistance,retained_assignment_is_qualified,0.93359375,early_a_y,early_a_y,early_a_y,early_a_y,membership_20261008_recommended_leaf,False,True,92,False,0.11039675,0.7293698410505745,f37r,0.08052006,f37r,0.08052006,f9v,0.08145745,,,,not studied,,,
f10v,1 Early A,B:10-15,early_a_ch,1a,audit_recommendation,leaning,Tentative support,early_a_ch,1a,para,leaning,False,1ab,early_a_ch;early_a_y,early_a_ch,audit_recommendation,1a — leaning,qualified,qualified_page_evidence,retained_assignment_is_qualified,0.84375,early_a_ch,early_a_ch,early_a_ch,,membership_20261008_recommended_leaf,False,False,57,True,0.15021936,,,,f56v,0.0953061,f37r,0.09619775,2.0220588235294117,3.6764705882352944,17,rankable,57,paragraph,0,early_a_ch,1a,audit_recommendation,leaning,Tentative support,early_a_ch,1a,para,leaning,False,1ab,early_a_ch;early_a_y,early_a_ch,audit_recommendation,1a — leaning,qualified,qualified_page_evidence,retained_assignment_is_qualified,0.84375,early_a_ch,early_a_ch,early_a_ch,,membership_20261008_recommended_leaf,False,False,57,True,0.15021936,,,,f56v,0.0953061,f37r,0.09619775,,,,not studied,,,
f11r,1 Early A,B:11-14,early_a_y,1b,audit_recommendation,leaning,Tentative support,early_a_y,1b,para,leaning,False,1ab,early_a_ch;early_a_y,early_a_y,audit_recommendation,1b — leaning,qualified,qualified_page_evidence,retained_assignment_is_qualified,0.6796875,early_a_y,early_a_y,early_a_y,,membership_20261008_recommended_leaf,False,False,59,True,0.12936407,,,,f10r,0.09958209,f9v,0.10752071,17.463235294117645,18.014705882352942,17,rankable,59,paragraph,0,early_a_y,1b,audit_recommendation,leaning,Tentative support,early_a_y,1b,para,leaning,False,1ab,early_a_ch;early_a_y,early_a_y,audit_recommendation,1b — leaning,qualified,qualified_page_evidence,retained_assignment_is_qualified,0.6796875,early_a_y,early_a_y,early_a_y,,membership_20261008_recommended_leaf,False,False,59,True,0.12936407,,,,f10r,0.09958209,f9v,0.10752071,,,,not studied,,,
f11v,1 Early A,B:11-14,early_a_ch,1a,previous_working_class_retained_audit_unresolved,uncertain_previous_class_retained,Unverified membership,,,para,two_profile_boundary,False,1ab,early_a_ch;early_a_y,early_a_ch,previous_working_class_retained_audit_unresolved,1a — uncertain previous class retained,none,recommendation_withheld,no_audit_assignment;previous_class_retained_with_uncertainty;affinity_is_not_assignment,0.50390625,early_a_ch,early_a_ch,early_a_ch,,membership_20261008_recommended_leaf,False,False,49,True,0.21759994,,,,f19r,0.12282654,f37r,0.13197109,68.58552631578947,73.19078947368422,19,rankable,49,paragraph,0,early_a_ch,1a,previous_working_class_retained_audit_unresolved,uncertain_previous_class_retained,Unverified membership,,,para,two_profile_boundary,False,1ab,early_a_ch;early_a_y,early_a_ch,previous_working_class_retained_audit_unresolved,1a — uncertain previous class retained,none,recommendation_withheld,no_audit_assignment;previous_class_retained_with_uncertainty;affinity_is_not_assignment,0.50390625,early_a_ch,early_a_ch,early_a_ch,,membership_20261008_recommended_leaf,False,False,49,True,0.21759994,,,,f19r,0.12282654,f37r,0.13197109,,,,not studied,,,
f13r,1 Early A,B:12-13,early_a_y,1b,audit_recommendation,secure,Strong support,early_a_y,1b,para,secure,False,,,early_a_y,audit_recommendation,1b — secure,secure,independent_page_evidence,,0.98046875,early_a_y,early_a_y,early_a_y,early_a_y,membership_20261008_recommended_leaf,True,True,76,False,0.13300053,0.7341572999746693,f37r,0.09764331,f37r,0.09764331,f16r,0.1010341,,,,not studied,,,,early_a_y,1b,audit_recommendation,secure,Strong support,early_a_y,1b,para,secure,False,,,early_a_y,audit_recommendation,1b — secure,secure,independent_page_evidence,,0.98046875,early_a_y,early_a_y,early_a_y,early_a_y,membership_20261008_recommended_leaf,True,True,76,False,0.13300053,0.7341572999746693,f37r,0.09764331,f37r,0.09764331,f16r,0.1010341,,,,not studied,,,
f13v,1 Early A,B:12-13,early_a_y,1b,audit_recommendation,context_supported,Strong support,early_a_y,1b,para,context_supported,False,1ab,early_a_ch;early_a_y,early_a_y,audit_recommendation,1b — context supported,qualified,validated_page_assistance,retained_assignment_is_qualified,0.9140625,early_a_y,early_a_y,early_a_y,early_a_y,membership_20261008_recommended_leaf,False,True,69,False,0.13255932,0.7255120198262935,f37r,0.09617338,f37r,0.09617338,f45v,0.10635038,,,,not studied,,,,early_a_y,1b,audit_recommendation,context_supported,Strong support,early_a_y,1b,para,context_supported,False,1ab,early_a_ch;early_a_y,early_a_y,audit_recommendation,1b — context supported,qualified,validated_page_assistance,retained_assignment_is_qualified,0.9140625,early_a_y,early_a_y,early_a_y,early_a_y,membership_20261008_recommended_leaf,False,True,69,False,0.13255932,0.7255120198262935,f37r,0.09617338,f37r,0.09617338,f45v,0.10635038,,,,not studied,,,
f14r,1 Early A,B:11-14,early_a_y,1b,previous_working_class_retained_audit_unresolved,uncertain_previous_class_retained,Unverified membership,,,para,two_profile_boundary,False,1ab,early_a_ch;early_a_y,early_a_y,previous_working_class_retained_audit_unresolved,1b — uncertain previous class retained,none,recommendation_withheld,no_audit_assignment;previous_class_retained_with_uncertainty;affinity_is_not_assignment,0.578125,early_a_y,early_a_y,early_a_y,early_a_y,membership_20261008_recommended_leaf,False,False,76,False,0.1623297,0.5231124064173099,f37r,0.08491668,f37r,0.08491668,f16r,0.09766864,,,,not studied,,,,early_a_y,1b,previous_working_class_retained_audit_unresolved,uncertain_previous_class_retained,Unverified membership,,,para,two_profile_boundary,False,1ab,early_a_ch;early_a_y,early_a_y,previous_working_class_retained_audit_unresolved,1b — uncertain previous class retained,none,recommendation_withheld,no_audit_assignment;previous_class_retained_with_uncertainty;affinity_is_not_assignment,0.578125,early_a_y,early_a_y,early_a_y,early_a_y,membership_20261008_recommended_leaf,False,False,76,False,0.1623297,0.5231124064173099,f37r,0.08491668,f37r,0.08491668,f16r,0.09766864,,,,not studied,,,
f14v,1 Early A,B:11-14,early_a_y,1b,audit_recommendation,secure,Strong support,early_a_y,1b,para,secure,False,,,early_a_y,audit_recommendation,1b — secure,secure,independent_page_evidence,,0.9609375,early_a_y,early_a_y,early_a_y,early_a_y,membership_20261008_recommended_leaf,True,True,75,False,0.11766456,0.9107633598425898,f9v,0.10716457,f9v,0.10716457,f19r,0.10903668,,,,not studied,,,,early_a_y,1b,audit_recommendation,secure,Strong support,early_a_y,1b,para,secure,False,,,early_a_y,audit_recommendation,1b — secure,secure,independent_page_evidence,,0.9609375,early_a_y,early_a_y,early_a_y,early_a_y,membership_20261008_recommended_leaf,True,True,75,False,0.11766456,0.9107633598425898,f9v,0.10716457,f9v,0.10716457,f19r,0.10903668,,,,not studied,,,
f15r,1 Early A,B:10-15,early_a_ch,1a,audit_recommendation,leaning,Tentative support,early_a_ch,1a,para,leaning,False,1ab,early_a_ch;early_a_y,early_a_ch,audit_recommendation,1a — leaning,qualified,qualified_page_evidence,retained_assignment_is_qualified,0.6875,early_a_ch,early_a_ch,early_a_ch,early_a_ch,membership_20261008_recommended_leaf,False,False,94,False,0.16006638,0.5807488118366892,f37r,0.09295836,f37r,0.09295836,f29v,0.09848951,,,,not studied,,,,early_a_ch,1a,audit_recommendation,leaning,Tentative support,early_a_ch,1a,para,leaning,False,1ab,early_a_ch;early_a_y,early_a_ch,audit_recommendation,1a — leaning,qualified,qualified_page_evidence,retained_assignment_is_qualified,0.6875,early_a_ch,early_a_ch,early_a_ch,early_a_ch,membership_20261008_recommended_leaf,False,False,94,False,0.16006638,0.5807488118366892,f37r,0.09295836,f37r,0.09295836,f29v,0.09848951,,,,not studied,,,
f15v,1 Early A,B:10-15,early_a_ch,1a,previous_working_class_retained_audit_unresolved,uncertain_previous_class_retained,Unverified membership,,,para,two_profile_boundary,False,1ab,early_a_ch;early_a_y,early_a_ch,previous_working_class_retained_audit_unresolved,1a — uncertain previous class retained,none,recommendation_withheld,no_audit_assignment;previous_class_retained_with_uncertainty;affinity_is_not_assignment,0.51171875,early_a_y,early_a_ch,early_a_y,early_a_ch,membership_20261008_recommended_leaf,False,False,70,False,0.10689098,0.9896912723599316,f29v,0.10578907,f29v,0.10578907,f9v,0.10941984,,,,not studied,,,,early_a_ch,1a,previous_working_class_retained_audit_unresolved,uncertain_previous_class_retained,Unverified membership,,,para,two_profile_boundary,False,1ab,early_a_ch;early_a_y,early_a_ch,previous_working_class_retained_audit_unresolved,1a — uncertain previous class retained,none,recommendation_withheld,no_audit_assignment;previous_class_retained_with_uncertainty;affinity_is_not_assignment,0.51171875,early_a_y,early_a_ch,early_a_y,early_a_ch,membership_20261008_recommended_leaf,False,False,70,False,0.10689098,0.9896912723599316,f29v,0.10578907,f29v,0.10578907,f9v,0.10941984,,,,not studied,,,
f16r,1 Early A,B:9-16,early_a_y,1b,audit_recommendation,secure,Strong support,early_a_y,1b,para,secure,False,,,early_a_y,audit_recommendation,1b — secure,secure,independent_page_evidence,,0.9921875,early_a_y,early_a_y,early_a_y,early_a_y,membership_20261008_recommended_leaf,True,True,84,False,0.18149127,0.5381451129853243,f14r,0.09766864,f14r,0.09766864,f37r,0.10053481,,,,not studied,,,,early_a_y,1b,audit_recommendation,secure,Strong support,early_a_y,1b,para,secure,False,,,early_a_y,audit_recommendation,1b — secure,secure,independent_page_evidence,,0.9921875,early_a_y,early_a_y,early_a_y,early_a_y,membership_20261008_recommended_leaf,True,True,84,False,0.18149127,0.5381451129853243,f14r,0.09766864,f14r,0.09766864,f37r,0.10053481,,,,not studied,,,
f16v,1 Early A,B:9-16,early_a_y,1b,audit_recommendation,context_supported,Strong support,early_a_y,1b,para,context_supported,False,1ab,early_a_ch;early_a_y,early_a_y,audit_recommendation,1b — context supported,qualified,validated_page_assistance,retained_assignment_is_qualified,0.78125,early_a_y,early_a_y,early_a_y,early_a_y,membership_20261008_recommended_leaf,False,True,76,False,0.14232116,0.6066918650747366,f10r,0.08634509,f10r,0.08634509,f36v,0.09955559,,,,not studied,,,,early_a_y,1b,audit_recommendation,context_supported,Strong support,early_a_y,1b,para,context_supported,False,1ab,early_a_ch;early_a_y,early_a_y,audit_recommendation,1b — context supported,qualified,validated_page_assistance,retained_assignment_is_qualified,0.78125,early_a_y,early_a_y,early_a_y,early_a_y,membership_20261008_recommended_leaf,False,True,76,False,0.14232116,0.6066918650747366,f10r,0.08634509,f10r,0.08634509,f36v,0.09955559,,,,not studied,,,
f17r,1 Early A,C:17-24,early_a_y,1b,audit_recommendation,secure,Strong support,early_a_y,1b,para,secure,False,,,early_a_y,audit_recommendation,1b — secure,secure,independent_page_evidence,,1.0,early_a_y,early_a_y,early_a_y,early_a_y,membership_20261008_recommended_leaf,True,True,78,False,0.16791567,0.6713950520520211,f45v,0.11273775,f45v,0.11273775,f53v,0.12732541,,,,not studied,,,,early_a_y,1b,audit_recommendation,secure,Strong support,early_a_y,1b,para,secure,False,,,early_a_y,audit_recommendation,1b — secure,secure,independent_page_evidence,,1.0,early_a_y,early_a_y,early_a_y,early_a_y,membership_20261008_recommended_leaf,True,True,78,False,0.16791567,0.6713950520520211,f45v,0.11273775,f45v,0.11273775,f53v,0.12732541,,,,not studied,,,
f17v,1 Early A,C:17-24,pharma_paragraph,2b,audit_recommendation,page_bifolium_conflict,Tentative support,pharma_paragraph,2b,para,page_bifolium_conflict,False,,early_a_y;pharma_paragraph,pharma_paragraph,audit_recommendation,2b — page bifolium conflict,qualified,page_evidence_with_bifolium_conflict,page_bifolium_conflict;retained_assignment_is_qualified,0.9609375,pharma_paragraph,early_a_y,pharma_paragraph,early_a_y,membership_20261008_recommended_leaf,False,False,135,False,0.10527896,0.7488475380075942,f101r,0.07883789,f101r,0.07883789,f89r2,0.07890949,,,,not studied,,,,pharma_paragraph,2b,audit_recommendation,page_bifolium_conflict,Tentative support,pharma_paragraph,2b,para,page_bifolium_conflict,False,,early_a_y;pharma_paragraph,pharma_paragraph,audit_recommendation,2b — page bifolium conflict,qualified,page_evidence_with_bifolium_conflict,page_bifolium_conflict;retained_assignment_is_qualified,0.9609375,pharma_paragraph,early_a_y,pharma_paragraph,early_a_y,membership_20261008_recommended_leaf,False,False,135,False,0.10527896,0.7488475380075942,f101r,0.07883789,f101r,0.07883789,f89r2,0.07890949,,,,not studied,,,
f18r,1 Early A,C:18-23,early_a_y,1b,audit_recommendation,secure,Strong support,early_a_y,1b,para,secure,False,,,early_a_y,audit_recommendation,1b — secure,secure,independent_page_evidence,,1.0,early_a_y,early_a_y,early_a_y,early_a_y,membership_20261008_recommended_leaf,True,True,84,False,0.1315027,0.7801337919297475,f45r,0.1025897,f45r,0.1025897,f10r,0.11191219,,,,not studied,,,,early_a_y,1b,audit_recommendation,secure,Strong support,early_a_y,1b,para,secure,False,,,early_a_y,audit_recommendation,1b — secure,secure,independent_page_evidence,,1.0,early_a_y,early_a_y,early_a_y,early_a_y,membership_20261008_recommended_leaf,True,True,84,False,0.1315027,0.7801337919297475,f45r,0.1025897,f45r,0.1025897,f10r,0.11191219,,,,not studied,,,
f18v,1 Early A,C:18-23,early_a_y,1b,audit_recommendation,leaning,Tentative support,early_a_y,1b,para,leaning,False,,,early_a_y,audit_recommendation,1b — leaning,qualified,qualified_page_evidence,retained_assignment_is_qualified,1.0,early_a_y,early_a_y,early_a_y,early_a_y,membership_20261008_recommended_leaf,False,False,69,False,0.16203749,0.6339657569368669,f45v,0.10272622,f45v,0.10272622,f37r,0.11403746,,,,not studied,,,,early_a_y,1b,audit_recommendation,leaning,Tentative support,early_a_y,1b,para,leaning,False,,,early_a_y,audit_recommendation,1b — leaning,qualified,qualified_page_evidence,retained_assignment_is_qualified,1.0,early_a_y,early_a_y,early_a_y,early_a_y,membership_20261008_recommended_leaf,False,False,69,False,0.16203749,0.6339657569368669,f45v,0.10272622,f45v,0.10272622,f37r,0.11403746,,,,not studied,,,
f19r,1 Early A,C:19-22,early_a_y,1b,audit_recommendation,context_supported,Strong support,early_a_y,1b,para,context_supported,False,1ab,early_a_ch;early_a_y,early_a_y,audit_recommendation,1b — context supported,qualified,validated_page_assistance,retained_assignment_is_qualified,0.82421875,early_a_y,early_a_y,early_a_y,early_a_y,membership_20261008_recommended_leaf,False,True,78,False,0.16892709,0.5800947615921165,f10r,0.09799372,f10r,0.09799372,f37r,0.10775903,,,,not studied,,,,early_a_y,1b,audit_recommendation,context_supported,Strong support,early_a_y,1b,para,context_supported,False,1ab,early_a_ch;early_a_y,early_a_y,audit_recommendation,1b — context supported,qualified,validated_page_assistance,retained_assignment_is_qualified,0.82421875,early_a_y,early_a_y,early_a_y,early_a_y,membership_20261008_recommended_leaf,False,True,78,False,0.16892709,0.5800947615921165,f10r,0.09799372,f10r,0.09799372,f37r,0.10775903,,,,not studied,,,
f19v,1 Early A,C:19-22,early_a_y,1b,audit_recommendation,secure,Strong support,early_a_y,1b,para,secure,False,,,early_a_y,audit_recommendation,1b — secure,secure,independent_page_evidence,,0.98828125,early_a_y,early_a_y,early_a_y,early_a_y,membership_20261008_recommended_leaf,True,True,78,False,0.13083497,0.7315431799311759,f10r,0.09571143,f10r,0.09571143,f36v,0.10104115,,,,not studied,,,,early_a_y,1b,audit_recommendation,secure,Strong support,early_a_y,1b,para,secure,False,,,early_a_y,audit_recommendation,1b — secure,secure,independent_page_evidence,,0.98828125,early_a_y,early_a_y,early_a_y,early_a_y,membership_20261008_recommended_leaf,True,True,78,False,0.13083497,0.7315431799311759,f10r,0.09571143,f10r,0.09571143,f36v,0.10104115,,,,not studied,,,
f20r,1 Early A,C:20-21,early_a_ch,1a,audit_recommendation,secure,Strong support,early_a_ch,1a,para,secure,False,,,early_a_ch,audit_recommendation,1a — secure,secure,independent_page_evidence,,0.99609375,early_a_ch,early_a_ch,early_a_ch,early_a_ch,membership_20261008_recommended_leaf,True,True,89,False,0.11133171,0.8481453307417985,f7r,0.09442547,f7r,0.09442547,f28r,0.10472217,,,,not studied,,,,early_a_ch,1a,audit_recommendation,secure,Strong support,early_a_ch,1a,para,secure,False,,,early_a_ch,audit_recommendation,1a — secure,secure,independent_page_evidence,,0.99609375,early_a_ch,early_a_ch,early_a_ch,early_a_ch,membership_20261008_recommended_leaf,True,True,89,False,0.11133171,0.8481453307417985,f7r,0.09442547,f7r,0.09442547,f28r,0.10472217,,,,not studied,,,
f20v,1 Early A,C:20-21,early_a_ch,1a,audit_recommendation,secure,Strong support,early_a_ch,1a,para,secure,False,,,early_a_ch,audit_recommendation,1a — secure,secure,independent_page_evidence,,0.97265625,early_a_ch,early_a_ch,early_a_ch,early_a_ch,membership_20261008_recommended_leaf,True,True,86,False,0.2000081,0.5185391491644589,f4v,0.10371203,f4v,0.10371203,f9r,0.10566604,,,,not studied,,,,early_a_ch,1a,audit_recommendation,secure,Strong support,early_a_ch,1a,para,secure,False,,,early_a_ch,audit_recommendation,1a — secure,secure,independent_page_evidence,,0.97265625,early_a_ch,early_a_ch,early_a_ch,early_a_ch,membership_20261008_recommended_leaf,True,True,86,False,0.2000081,0.5185391491644589,f4v,0.10371203,f4v,0.10371203,f9r,0.10566604,,,,not studied,,,
f21r,1 Early A,C:20-21,early_a_ch,1a,audit_recommendation,context_supported,Strong support,early_a_ch,1a,para,context_supported,False,,,early_a_ch,audit_recommendation,1a — context supported,qualified,validated_page_assistance,retained_assignment_is_qualified,0.68359375,early_a_ch,early_a_ch,early_a_ch,early_a_ch,membership_20261008_recommended_leaf,False,True,104,False,0.1491281,0.6445994416880519,f37r,0.09612789,f37r,0.09612789,f44v,0.09727783,,,,not studied,,,,early_a_ch,1a,audit_recommendation,context_supported,Strong support,early_a_ch,1a,para,context_supported,False,,,early_a_ch,audit_recommendation,1a — context supported,qualified,validated_page_assistance,retained_assignment_is_qualified,0.68359375,early_a_ch,early_a_ch,early_a_ch,early_a_ch,membership_20261008_recommended_leaf,False,True,104,False,0.1491281,0.6445994416880519,f37r,0.09612789,f37r,0.09612789,f44v,0.09727783,,,,not studied,,,
f21v,1 Early A,C:20-21,early_a_ch,1a,audit_recommendation,secure,Strong support,early_a_ch,1a,para,secure,False,,,early_a_ch,audit_recommendation,1a — secure,secure,independent_page_evidence,,1.0,early_a_ch,early_a_ch,early_a_ch,,membership_20261008_recommended_leaf,True,True,58,True,0.14450425,,,,f28r,0.11615101,f42r,0.12229815,52.1484375,56.640625,16,rankable,58,paragraph,0,early_a_ch,1a,audit_recommendation,secure,Strong support,early_a_ch,1a,para,secure,False,,,early_a_ch,audit_recommendation,1a — secure,secure,independent_page_evidence,,1.0,early_a_ch,early_a_ch,early_a_ch,,membership_20261008_recommended_leaf,True,True,58,True,0.14450425,,,,f28r,0.11615101,f42r,0.12229815,,,,not studied,,,
f22r,1 Early A,C:19-22,early_a_y,1b,audit_recommendation,secure,Strong support,early_a_y,1b,para,secure,False,,,early_a_y,audit_recommendation,1b — secure,secure,independent_page_evidence,,0.95703125,early_a_y,early_a_y,early_a_y,early_a_y,membership_20261008_recommended_leaf,True,True,111,False,0.10062981,0.8347254158583823,f37r,0.08399826,f37r,0.08399826,f9v,0.08415208,,,,not studied,,,,early_a_y,1b,audit_recommendation,secure,Strong support,early_a_y,1b,para,secure,False,,,early_a_y,audit_recommendation,1b — secure,secure,independent_page_evidence,,0.95703125,early_a_y,early_a_y,early_a_y,early_a_y,membership_20261008_recommended_leaf,True,True,111,False,0.10062981,0.8347254158583823,f37r,0.08399826,f37r,0.08399826,f9v,0.08415208,,,,not studied,,,
f22v,1 Early A,C:19-22,early_a_y,1b,audit_recommendation,secure,Strong support,early_a_y,1b,para,secure,False,,,early_a_y,audit_recommendation,1b — secure,secure,independent_page_evidence,,0.96875,early_a_y,early_a_y,early_a_y,early_a_y,membership_20261008_recommended_leaf,True,True,77,False,0.14138618,0.5531612778561525,f37r,0.07820936,f37r,0.07820936,f9r,0.09982824,,,,not studied,,,,early_a_y,1b,audit_recommendation,secure,Strong support,early_a_y,1b,para,secure,False,,,early_a_y,audit_recommendation,1b — secure,secure,independent_page_evidence,,0.96875,early_a_y,early_a_y,early_a_y,early_a_y,membership_20261008_recommended_leaf,True,True,77,False,0.14138618,0.5531612778561525,f37r,0.07820936,f37r,0.07820936,f9r,0.09982824,,,,not studied,,,
f23r,1 Early A,C:18-23,early_a_y,1b,audit_recommendation,secure,Strong support,early_a_y,1b,para,secure,False,,,early_a_y,audit_recommendation,1b — secure,secure,independent_page_evidence,,1.0,early_a_y,early_a_y,early_a_y,early_a_y,membership_20261008_recommended_leaf,True,True,109,False,0.11920232,0.7366607462002417,f45r,0.08781167,f45r,0.08781167,f45v,0.10070906,,,,not studied,,,,early_a_y,1b,audit_recommendation,secure,Strong support,early_a_y,1b,para,secure,False,,,early_a_y,audit_recommendation,1b — secure,secure,independent_page_evidence,,1.0,early_a_y,early_a_y,early_a_y,early_a_y,membership_20261008_recommended_leaf,True,True,109,False,0.11920232,0.7366607462002417,f45r,0.08781167,f45r,0.08781167,f45v,0.10070906,,,,not studied,,,
f23v,1 Early A,C:18-23,early_a_y,1b,audit_recommendation,context_supported,Strong support,early_a_y,1b,para,context_supported,False,1ab,early_a_ch;early_a_y,early_a_y,audit_recommendation,1b — context supported,qualified,validated_page_assistance,retained_assignment_is_qualified,0.82421875,early_a_y,early_a_y,early_a_y,early_a_y,membership_20261008_recommended_leaf,False,True,94,False,0.11825653,1.0151959473189345,f32r,0.12005355,f32r,0.12005355,f44v,0.12416236,,,,not studied,,,,early_a_y,1b,audit_recommendation,context_supported,Strong support,early_a_y,1b,para,context_supported,False,1ab,early_a_ch;early_a_y,early_a_y,audit_recommendation,1b — context supported,qualified,validated_page_assistance,retained_assignment_is_qualified,0.82421875,early_a_y,early_a_y,early_a_y,early_a_y,membership_20261008_recommended_leaf,False,True,94,False,0.11825653,1.0151959473189345,f32r,0.12005355,f32r,0.12005355,f44v,0.12416236,,,,not studied,,,
f24r,1 Early A,C:17-24,early_a_y,1b,previous_working_class_retained_audit_unresolved,uncertain_previous_class_retained,Unverified membership,,,para,atypical,False,,,early_a_y,previous_working_class_retained_audit_unresolved,1b — uncertain previous class retained,none,recommendation_withheld,no_audit_assignment;previous_class_retained_with_uncertainty;affinity_is_not_assignment;atypical_fit_not_new_leaf,0.59375,early_a_y,early_a_y,early_a_y,early_a_y,membership_20261008_recommended_leaf,False,False,109,False,0.15605735,0.7162975021682734,f6r,0.11178349,f6r,0.11178349,f3v,0.11751527,,,,not studied,,,,early_a_y,1b,previous_working_class_retained_audit_unresolved,uncertain_previous_class_retained,Unverified membership,,,para,atypical,False,,,early_a_y,previous_working_class_retained_audit_unresolved,1b — uncertain previous class retained,none,recommendation_withheld,no_audit_assignment;previous_class_retained_with_uncertainty;affinity_is_not_assignment;atypical_fit_not_new_leaf,0.59375,early_a_y,early_a_y,early_a_y,early_a_y,membership_20261008_recommended_leaf,False,False,109,False,0.15605735,0.7162975021682734,f6r,0.11178349,f6r,0.11178349,f3v,0.11751527,,,,not studied,,,
f24v,1 Early A,C:17-24,early_a_y,1b,audit_recommendation,context_supported,Strong support,early_a_y,1b,para,context_supported,False,,,early_a_y,audit_recommendation,1b — context supported,qualified,validated_page_assistance,retained_assignment_is_qualified,0.73828125,early_a_y,early_a_y,early_a_y,early_a_y,membership_20261008_recommended_leaf,False,True,85,False,0.17221073,0.7144829477234084,f54r,0.12304163,f54r,0.12304163,f9r,0.13263586,,,,not studied,,,,early_a_y,1b,audit_recommendation,context_supported,Strong support,early_a_y,1b,para,context_supported,False,,,early_a_y,audit_recommendation,1b — context supported,qualified,validated_page_assistance,retained_assignment_is_qualified,0.73828125,early_a_y,early_a_y,early_a_y,early_a_y,membership_20261008_recommended_leaf,False,True,85,False,0.17221073,0.7144829477234084,f54r,0.12304163,f54r,0.12304163,f9r,0.13263586,,,,not studied,,,
f25r,1 Early A,D:25-32,early_a_ch,1a,audit_recommendation,context_supported,Strong support,early_a_ch,1a,para,context_supported,False,1ab,early_a_ch;early_a_y,early_a_ch,audit_recommendation,1a — context supported,qualified,validated_page_assistance,retained_assignment_is_qualified,0.83984375,early_a_ch,early_a_ch,early_a_ch,,membership_20261008_recommended_leaf,False,True,47,True,0.16519694,,,,f29v,0.13111206,f10r,0.13295572,68.05555555555556,72.56944444444444,18,rankable,47,paragraph,0,early_a_ch,1a,audit_recommendation,context_supported,Strong support,early_a_ch,1a,para,context_supported,False,1ab,early_a_ch;early_a_y,early_a_ch,audit_recommendation,1a — context supported,qualified,validated_page_assistance,retained_assignment_is_qualified,0.83984375,early_a_ch,early_a_ch,early_a_ch,,membership_20261008_recommended_leaf,False,True,47,True,0.16519694,,,,f29v,0.13111206,f10r,0.13295572,,,,not studied,,,
f25v,1 Early A,D:25-32,early_a_ch,1a,audit_recommendation,secure,Strong support,early_a_ch,1a,para,secure,False,,,early_a_ch,audit_recommendation,1a — secure,secure,independent_page_evidence,,0.99609375,early_a_ch,early_a_ch,early_a_ch,early_a_ch,membership_20261008_recommended_leaf,True,True,60,False,0.14707874,0.8813140498755971,f35r,0.12962256,f21v,0.12810278,f35r,0.12962256,,,,not studied,,,,early_a_ch,1a,audit_recommendation,secure,Strong support,early_a_ch,1a,para,secure,False,,,early_a_ch,audit_recommendation,1a — secure,secure,independent_page_evidence,,0.99609375,early_a_ch,early_a_ch,early_a_ch,early_a_ch,membership_20261008_recommended_leaf,True,True,60,False,0.14707874,0.8813140498755971,f35r,0.12962256,f21v,0.12810278,f35r,0.12962256,,,,not studied,,,
f26r,3a Herbal B,D:26-31,herbal_b_e,3b,audit_recommendation,context_supported,Strong support,herbal_b_e,3b,para,context_supported,False,,herbal_b_e;bio_paragraph,herbal_b_e,audit_recommendation,3b — context supported,qualified,validated_page_assistance,retained_assignment_is_qualified,0.9296875,herbal_b_e,herbal_b_e,herbal_b_e,herbal_b_e,membership_20261008_recommended_leaf,False,True,90,False,0.16827664,0.6919294918177591,f41r,0.11643557,f41r,0.11643557,f43v,0.12498173,,,,not studied,,,,herbal_b_e,3b,audit_recommendation,context_supported,Strong support,herbal_b_e,3b,para,context_supported,False,,herbal_b_e;bio_paragraph,herbal_b_e,audit_recommendation,3b — context supported,qualified,validated_page_assistance,retained_assignment_is_qualified,0.9296875,herbal_b_e,herbal_b_e,herbal_b_e,herbal_b_e,membership_20261008_recommended_leaf,False,True,90,False,0.16827664,0.6919294918177591,f41r,0.11643557,f41r,0.11643557,f43v,0.12498173,,,,not studied,,,
f26v,3a Herbal B,D:26-31,herbal_b_e,3b,audit_recommendation,leaning,Tentative support,herbal_b_e,3b,para,leaning,False,,,herbal_b_e,audit_recommendation,3b — leaning,qualified,qualified_page_evidence,retained_assignment_is_qualified,0.984375,herbal_b_e,herbal_b_e,herbal_b_e,herbal_b_e,membership_20261008_recommended_leaf,False,False,93,False,0.19585027,0.5319900758880751,f85r1,0.1041904,f85r1,0.1041904,f43v,0.1060572,,,,not studied,,,,herbal_b_e,3b,audit_recommendation,leaning,Tentative support,herbal_b_e,3b,para,leaning,False,,,herbal_b_e,audit_recommendation,3b — leaning,qualified,qualified_page_evidence,retained_assignment_is_qualified,0.984375,herbal_b_e,herbal_b_e,herbal_b_e,herbal_b_e,membership_20261008_recommended_leaf,False,False,93,False,0.19585027,0.5319900758880751,f85r1,0.1041904,f85r1,0.1041904,f43v,0.1060572,,,,not studied,,,
f27r,1 Early A,D:27-30,early_a_ch,1a,audit_recommendation,secure,Strong support,early_a_ch,1a,para,secure,False,,,early_a_ch,audit_recommendation,1a — secure,secure,independent_page_evidence,,1.0,early_a_ch,early_a_ch,early_a_ch,early_a_ch,membership_20261008_recommended_leaf,True,True,94,False,0.13566382,0.8146550790033776,f56v,0.11051922,f56v,0.11051922,f47v,0.11429286,,,,not studied,,,,early_a_ch,1a,audit_recommendation,secure,Strong support,early_a_ch,1a,para,secure,False,,,early_a_ch,audit_recommendation,1a — secure,secure,independent_page_evidence,,1.0,early_a_ch,early_a_ch,early_a_ch,early_a_ch,membership_20261008_recommended_leaf,True,True,94,False,0.13566382,0.8146550790033776,f56v,0.11051922,f56v,0.11051922,f47v,0.11429286,,,,not studied,,,
f27v,1 Early A,D:27-30,early_a_ch,1a,audit_recommendation,leaning,Tentative support,early_a_ch,1a,para,leaning,False,,,early_a_ch,audit_recommendation,1a — leaning,qualified,qualified_page_evidence,retained_assignment_is_qualified,1.0,early_a_ch,early_a_ch,early_a_ch,,membership_20261008_recommended_leaf,False,False,61,False,0.19829379,0.8034178982609591,f56r,0.15931278,f56r,0.15931278,f49v,0.16034002,99.77678571428571,100.0,14,rankable,61,paragraph,0,early_a_ch,1a,audit_recommendation,leaning,Tentative support,early_a_ch,1a,para,leaning,False,,,early_a_ch,audit_recommendation,1a — leaning,qualified,qualified_page_evidence,retained_assignment_is_qualified,1.0,early_a_ch,early_a_ch,early_a_ch,,membership_20261008_recommended_leaf,False,False,61,False,0.19829379,0.8034178982609591,f56r,0.15931278,f56r,0.15931278,f49v,0.16034002,99.77678571428571,100.0,14,rankable,61,all,0
f28r,1 Early A,D:28-29,early_a_ch,1a,audit_recommendation,context_supported,Strong support,early_a_ch,1a,para,context_supported,False,1ab,early_a_ch;early_a_y,early_a_ch,audit_recommendation,1a — context supported,qualified,validated_page_assistance,retained_assignment_is_qualified,0.67578125,early_a_ch,early_a_ch,early_a_ch,early_a_ch,membership_20261008_recommended_leaf,False,True,68,False,0.15149722,0.6187100330949968,f10r,0.09373285,f10r,0.09373285,f37r,0.09963647,,,,not studied,,,,early_a_ch,1a,audit_recommendation,context_supported,Strong support,early_a_ch,1a,para,context_supported,False,1ab,early_a_ch;early_a_y,early_a_ch,audit_recommendation,1a — context supported,qualified,validated_page_assistance,retained_assignment_is_qualified,0.67578125,early_a_ch,early_a_ch,early_a_ch,early_a_ch,membership_20261008_recommended_leaf,False,True,68,False,0.15149722,0.6187100330949968,f10r,0.09373285,f10r,0.09373285,f37r,0.09963647,,,,not studied,,,
f28v,1 Early A,D:28-29,early_a_ch,1a,audit_recommendation,context_supported,Strong support,early_a_ch,1a,para,context_supported,False,1ab,early_a_ch;early_a_y,early_a_ch,audit_recommendation,1a — context supported,qualified,validated_page_assistance,retained_assignment_is_qualified,0.92578125,early_a_ch,early_a_ch,early_a_ch,early_a_ch,membership_20261008_recommended_leaf,False,True,68,False,0.13873859,0.7116663071175799,f42r,0.09873558,f42r,0.09873558,f10r,0.1049244,,,,not studied,,,,early_a_ch,1a,audit_recommendation,context_supported,Strong support,early_a_ch,1a,para,context_supported,False,1ab,early_a_ch;early_a_y,early_a_ch,audit_recommendation,1a — context supported,qualified,validated_page_assistance,retained_assignment_is_qualified,0.92578125,early_a_ch,early_a_ch,early_a_ch,early_a_ch,membership_20261008_recommended_leaf,False,True,68,False,0.13873859,0.7116663071175799,f42r,0.09873558,f42r,0.09873558,f10r,0.1049244,,,,not studied,,,
f29r,1 Early A,D:28-29,early_a_ch,1a,audit_recommendation,context_supported,Strong support,early_a_ch,1a,para,context_supported,False,1ab,early_a_ch;early_a_y,early_a_ch,audit_recommendation,1a — context supported,qualified,validated_page_assistance,retained_assignment_is_qualified,0.90625,early_a_ch,early_a_ch,early_a_ch,early_a_ch,membership_20261008_recommended_leaf,False,True,65,False,0.15917522,0.8446516989265037,f10r,0.13444762,f10r,0.13444762,f15r,0.13580012,,,,not studied,,,,early_a_ch,1a,audit_recommendation,context_supported,Strong support,early_a_ch,1a,para,context_supported,False,1ab,early_a_ch;early_a_y,early_a_ch,audit_recommendation,1a — context supported,qualified,validated_page_assistance,retained_assignment_is_qualified,0.90625,early_a_ch,early_a_ch,early_a_ch,early_a_ch,membership_20261008_recommended_leaf,False,True,65,False,0.15917522,0.8446516989265037,f10r,0.13444762,f10r,0.13444762,f15r,0.13580012,,,,not studied,,,
f29v,1 Early A,D:28-29,early_a_ch,1a,audit_recommendation,context_supported,Strong support,early_a_ch,1a,para,context_supported,False,1ab,early_a_ch;early_a_y,early_a_ch,audit_recommendation,1a — context supported,qualified,validated_page_assistance,retained_assignment_is_qualified,0.94140625,early_a_ch,early_a_ch,early_a_ch,early_a_ch,membership_20261008_recommended_leaf,False,True,94,False,0.15310478,0.5536262812957244,f9r,0.08476283,f9r,0.08476283,f37r,0.085577,,,,not studied,,,,early_a_ch,1a,audit_recommendation,context_supported,Strong support,early_a_ch,1a,para,context_supported,False,1ab,early_a_ch;early_a_y,early_a_ch,audit_recommendation,1a — context supported,qualified,validated_page_assistance,retained_assignment_is_qualified,0.94140625,early_a_ch,early_a_ch,early_a_ch,early_a_ch,membership_20261008_recommended_leaf,False,True,94,False,0.15310478,0.5536262812957244,f9r,0.08476283,f9r,0.08476283,f37r,0.085577,,,,not studied,,,
f30r,1 Early A,D:27-30,early_a_ch,1a,audit_recommendation,secure,Strong support,early_a_ch,1a,para,secure,False,,,early_a_ch,audit_recommendation,1a — secure,secure,independent_page_evidence,,1.0,early_a_ch,early_a_ch,early_a_ch,early_a_ch,membership_20261008_recommended_leaf,True,True,99,False,0.13982444,0.7603976100315509,f49v,0.10632217,f49v,0.10632217,f49r,0.11972832,,,,not studied,,,,early_a_ch,1a,audit_recommendation,secure,Strong support,early_a_ch,1a,para,secure,False,,,early_a_ch,audit_recommendation,1a — secure,secure,independent_page_evidence,,1.0,early_a_ch,early_a_ch,early_a_ch,early_a_ch,membership_20261008_recommended_leaf,True,True,99,False,0.13982444,0.7603976100315509,f49v,0.10632217,f49v,0.10632217,f49r,0.11972832,,,,not studied,,,
f30v,1 Early A,D:27-30,early_a_ch,1a,audit_recommendation,secure,Strong support,early_a_ch,1a,para,secure,False,,,early_a_ch,audit_recommendation,1a — secure,secure,independent_page_evidence,,0.984375,early_a_ch,early_a_ch,early_a_ch,early_a_ch,membership_20261008_recommended_leaf,True,True,63,False,0.15333469,0.6691290144454591,f4v,0.10260069,f4v,0.10260069,f7r,0.10353289,,,,not studied,,,,early_a_ch,1a,audit_recommendation,secure,Strong support,early_a_ch,1a,para,secure,False,,,early_a_ch,audit_recommendation,1a — secure,secure,independent_page_evidence,,0.984375,early_a_ch,early_a_ch,early_a_ch,early_a_ch,membership_20261008_recommended_leaf,True,True,63,False,0.15333469,0.6691290144454591,f4v,0.10260069,f4v,0.10260069,f7r,0.10353289,,,,not studied,,,
f31r,3a Herbal B,D:26-31,herbal_b_e,3b,audit_recommendation,context_supported,Strong support,herbal_b_e,3b,para,context_supported,False,,,herbal_b_e,audit_recommendation,3b — context supported,qualified,validated_page_assistance,retained_assignment_is_qualified,0.359375,herbal_b_e,herbal_b_e,herbal_b_e,herbal_b_e,membership_20261008_recommended_leaf,False,True,102,False,0.11930049,0.8132687468425319,f66r,0.09702336,f66r,0.09702336,f108v,0.09744442,,,,not studied,,,,herbal_b_e,3b,audit_recommendation,context_supported,Strong support,herbal_b_e,3b,para,context_supported,False,,,herbal_b_e,audit_recommendation,3b — context supported,qualified,validated_page_assistance,retained_assignment_is_qualified,0.359375,herbal_b_e,herbal_b_e,herbal_b_e,herbal_b_e,membership_20261008_recommended_leaf,False,True,102,False,0.11930049,0.8132687468425319,f66r,0.09702336,f66r,0.09702336,f108v,0.09744442,,,,not studied,,,
f31v,3a Herbal B,D:26-31,herbal_b_e,3b,audit_recommendation,context_supported,Strong support,herbal_b_e,3b,para,context_supported,False,,,herbal_b_e,audit_recommendation,3b — context supported,qualified,validated_page_assistance,affinity_is_not_assignment;retained_assignment_is_qualified,0.390625,celestial_running,herbal_b_e,celestial_running,herbal_b_e,membership_20261008_recommended_leaf,False,True,110,False,0.11080993,0.8169054885243588,f105r,0.09052124,f105r,0.09052124,f113v,0.09144134,,,,not studied,,,,herbal_b_e,3b,audit_recommendation,context_supported,Strong support,herbal_b_e,3b,para,context_supported,False,,,herbal_b_e,audit_recommendation,3b — context supported,qualified,validated_page_assistance,affinity_is_not_assignment;retained_assignment_is_qualified,0.390625,celestial_running,herbal_b_e,celestial_running,herbal_b_e,membership_20261008_recommended_leaf,False,True,110,False,0.11080993,0.8169054885243588,f105r,0.09052124,f105r,0.09052124,f113v,0.09144134,,,,not studied,,,
f32r,1 Early A,D:25-32,early_a_ch,1a,audit_recommendation,context_supported,Strong support,early_a_ch,1a,para,context_supported,False,1ab,early_a_ch;early_a_y,early_a_ch,audit_recommendation,1a — context supported,qualified,validated_page_assistance,retained_assignment_is_qualified,0.68359375,early_a_ch,early_a_ch,early_a_ch,early_a_ch,membership_20261008_recommended_leaf,False,True,76,False,0.14926572,0.6936291869291892,f14r,0.10353506,f14r,0.10353506,f49r,0.10404342,,,,not studied,,,,early_a_ch,1a,audit_recommendation,context_supported,Strong support,early_a_ch,1a,para,context_supported,False,1ab,early_a_ch;early_a_y,early_a_ch,audit_recommendation,1a — context supported,qualified,validated_page_assistance,retained_assignment_is_qualified,0.68359375,early_a_ch,early_a_ch,early_a_ch,early_a_ch,membership_20261008_recommended_leaf,False,True,76,False,0.14926572,0.6936291869291892,f14r,0.10353506,f14r,0.10353506,f49r,0.10404342,,,,not studied,,,
f32v,1 Early A,D:25-32,early_a_ch,1a,audit_recommendation,secure,Strong support,early_a_ch,1a,para,secure,False,,,early_a_ch,audit_recommendation,1a — secure,secure,independent_page_evidence,,1.0,early_a_ch,early_a_ch,early_a_ch,early_a_ch,membership_20261008_recommended_leaf,True,True,89,False,0.12594407,0.8385276099144645,f49v,0.10560758,f49v,0.10560758,f35v,0.11096846,,,,not studied,,,,early_a_ch,1a,audit_recommendation,secure,Strong support,early_a_ch,1a,para,secure,False,,,early_a_ch,audit_recommendation,1a — secure,secure,independent_page_evidence,,1.0,early_a_ch,early_a_ch,early_a_ch,early_a_ch,membership_20261008_recommended_leaf,True,True,89,False,0.12594407,0.8385276099144645,f49v,0.10560758,f49v,0.10560758,f35v,0.11096846,,,,not studied,,,
f33r,3a Herbal B,E:33-40,herbal_b_a,3a,audit_recommendation,secure,Strong support,herbal_b_a,3a,para,secure,False,,,herbal_b_a,audit_recommendation,3a — secure,secure,independent_page_evidence,,1.0,herbal_b_a,herbal_b_a,herbal_b_a,herbal_b_a,membership_20261008_recommended_leaf,True,True,74,False,0.11110963,0.6811255694038401,f55v,0.07567961,f55v,0.07567961,f50v,0.0853061,,,,not studied,,,,herbal_b_a,3a,audit_recommendation,secure,Strong support,herbal_b_a,3a,para,secure,False,,,herbal_b_a,audit_recommendation,3a — secure,secure,independent_page_evidence,,1.0,herbal_b_a,herbal_b_a,herbal_b_a,herbal_b_a,membership_20261008_recommended_leaf,True,True,74,False,0.11110963,0.6811255694038401,f55v,0.07567961,f55v,0.07567961,f50v,0.0853061,,,,not studied,,,
f33v,3a Herbal B,E:33-40,herbal_b_a,3a,audit_recommendation,secure,Strong support,herbal_b_a,3a,para,secure,False,,,herbal_b_a,audit_recommendation,3a — secure,secure,independent_page_evidence,,1.0,herbal_b_a,herbal_b_a,herbal_b_a,herbal_b_a,membership_20261008_recommended_leaf,True,True,114,False,0.15079099,0.45747282380731097,f39v,0.06898278,f39v,0.06898278,f55r,0.08556969,,,,not studied,,,,herbal_b_a,3a,audit_recommendation,secure,Strong support,herbal_b_a,3a,para,secure,False,,,herbal_b_a,audit_recommendation,3a — secure,secure,independent_page_evidence,,1.0,herbal_b_a,herbal_b_a,herbal_b_a,herbal_b_a,membership_20261008_recommended_leaf,True,True,114,False,0.15079099,0.45747282380731097,f39v,0.06898278,f39v,0.06898278,f55r,0.08556969,,,,not studied,,,
f34r,3a Herbal B,E:34-39,herbal_b_a,3a,audit_recommendation,context_supported,Strong support,herbal_b_a,3a,para,context_supported,False,3ab,herbal_b_a;herbal_b_e,herbal_b_a,audit_recommendation,3a — context supported,qualified,validated_page_assistance,retained_assignment_is_qualified,0.6484375,herbal_b_a,herbal_b_e,herbal_b_a,herbal_b_e,membership_20261008_recommended_leaf,False,True,149,False,0.10433209,0.7479541529360717,f50v,0.07803562,f50v,0.07803562,f46v,0.07811462,,,,not studied,,,,herbal_b_a,3a,audit_recommendation,context_supported,Strong support,herbal_b_a,3a,para,context_supported,False,3ab,herbal_b_a;herbal_b_e,herbal_b_a,audit_recommendation,3a — context supported,qualified,validated_page_assistance,retained_assignment_is_qualified,0.6484375,herbal_b_a,herbal_b_e,herbal_b_a,herbal_b_e,membership_20261008_recommended_leaf,False,True,149,False,0.10433209,0.7479541529360717,f50v,0.07803562,f50v,0.07803562,f46v,0.07811462,,,,not studied,,,
f34v,3a Herbal B,E:34-39,herbal_b_a,3a,audit_recommendation,secure,Strong support,herbal_b_a,3a,para,secure,False,,,herbal_b_a,audit_recommendation,3a — secure,secure,independent_page_evidence,,1.0,herbal_b_a,herbal_b_a,herbal_b_a,herbal_b_a,membership_20261008_recommended_leaf,True,True,117,False,0.13676728,0.567456338972304,f85r1,0.07760946,f85r1,0.07760946,f95r1,0.08138053,,,,not studied,,,,herbal_b_a,3a,audit_recommendation,secure,Strong support,herbal_b_a,3a,para,secure,False,,,herbal_b_a,audit_recommendation,3a — secure,secure,independent_page_evidence,,1.0,herbal_b_a,herbal_b_a,herbal_b_a,herbal_b_a,membership_20261008_recommended_leaf,True,True,117,False,0.13676728,0.567456338972304,f85r1,0.07760946,f85r1,0.07760946,f95r1,0.08138053,,,,not studied,,,
f35r,1 Early A,E:35-38,early_a_ch,1a,audit_recommendation,secure,Strong support,early_a_ch,1a,para,secure,False,,,early_a_ch,audit_recommendation,1a — secure,secure,independent_page_evidence,,1.0,early_a_ch,early_a_ch,early_a_ch,early_a_ch,membership_20261008_recommended_leaf,True,True,94,False,0.14348537,0.7692724352315501,f8v,0.11037934,f8v,0.11037934,f37r,0.11094555,,,,not studied,,,,early_a_ch,1a,audit_recommendation,secure,Strong support,early_a_ch,1a,para,secure,False,,,early_a_ch,audit_recommendation,1a — secure,secure,independent_page_evidence,,1.0,early_a_ch,early_a_ch,early_a_ch,early_a_ch,membership_20261008_recommended_leaf,True,True,94,False,0.14348537,0.7692724352315501,f8v,0.11037934,f8v,0.11037934,f37r,0.11094555,,,,not studied,,,
f35v,1 Early A,E:35-38,early_a_ch,1a,audit_recommendation,secure,Strong support,early_a_ch,1a,para,secure,False,,,early_a_ch,audit_recommendation,1a — secure,secure,independent_page_evidence,,0.96484375,early_a_ch,early_a_ch,early_a_ch,early_a_ch,membership_20261008_recommended_leaf,True,True,91,False,0.1217945,0.8485065417568117,f42v,0.10334343,f42v,0.10334343,f56v,0.10469192,,,,not studied,,,,early_a_ch,1a,audit_recommendation,secure,Strong support,early_a_ch,1a,para,secure,False,,,early_a_ch,audit_recommendation,1a — secure,secure,independent_page_evidence,,0.96484375,early_a_ch,early_a_ch,early_a_ch,early_a_ch,membership_20261008_recommended_leaf,True,True,91,False,0.1217945,0.8485065417568117,f42v,0.10334343,f42v,0.10334343,f56v,0.10469192,,,,not studied,,,
f36r,1 Early A,E:36-37,early_a_y,1b,audit_recommendation,context_supported,Strong support,early_a_y,1b,para,context_supported,False,1ab,early_a_ch;early_a_y,early_a_y,audit_recommendation,1b — context supported,qualified,validated_page_assistance,retained_assignment_is_qualified,0.92578125,early_a_y,early_a_y,early_a_y,early_a_y,membership_20261008_recommended_leaf,False,True,63,False,0.12489006,0.6804079524022968,f9v,0.08497619,f9v,0.08497619,f9r,0.091519,,,,not studied,,,,early_a_y,1b,audit_recommendation,context_supported,Strong support,early_a_y,1b,para,context_supported,False,1ab,early_a_ch;early_a_y,early_a_y,audit_recommendation,1b — context supported,qualified,validated_page_assistance,retained_assignment_is_qualified,0.92578125,early_a_y,early_a_y,early_a_y,early_a_y,membership_20261008_recommended_leaf,False,True,63,False,0.12489006,0.6804079524022968,f9v,0.08497619,f9v,0.08497619,f9r,0.091519,,,,not studied,,,
f36v,1 Early A,E:36-37,early_a_y,1b,audit_recommendation,secure,Strong support,early_a_y,1b,para,secure,False,,,early_a_y,audit_recommendation,1b — secure,secure,independent_page_evidence,,1.0,early_a_y,early_a_y,early_a_y,early_a_y,membership_20261008_recommended_leaf,True,True,76,False,0.16201093,0.5142974612885686,f9v,0.08332181,f9v,0.08332181,f10r,0.0914209,,,,not studied,,,,early_a_y,1b,audit_recommendation,secure,Strong support,early_a_y,1b,para,secure,False,,,early_a_y,audit_recommendation,1b — secure,secure,independent_page_evidence,,1.0,early_a_y,early_a_y,early_a_y,early_a_y,membership_20261008_recommended_leaf,True,True,76,False,0.16201093,0.5142974612885686,f9v,0.08332181,f9v,0.08332181,f10r,0.0914209,,,,not studied,,,
f37r,1 Early A,E:36-37,early_a_y,1b,audit_recommendation,context_supported,Strong support,early_a_y,1b,para,context_supported,False,1ab,early_a_ch;early_a_y,early_a_y,audit_recommendation,1b — context supported,qualified,validated_page_assistance,retained_assignment_is_qualified,0.9453125,early_a_y,early_a_y,early_a_y,early_a_y,membership_20261008_recommended_leaf,False,True,78,False,0.10960611,0.6472998631189447,f9v,0.07094802,f9v,0.07094802,f22v,0.07820936,,,,not studied,,,,early_a_y,1b,audit_recommendation,context_supported,Strong support,early_a_y,1b,para,context_supported,False,1ab,early_a_ch;early_a_y,early_a_y,audit_recommendation,1b — context supported,qualified,validated_page_assistance,retained_assignment_is_qualified,0.9453125,early_a_y,early_a_y,early_a_y,early_a_y,membership_20261008_recommended_leaf,False,True,78,False,0.10960611,0.6472998631189447,f9v,0.07094802,f9v,0.07094802,f22v,0.07820936,,,,not studied,,,
f37v,1 Early A,E:36-37,early_a_y,1b,previous_working_class_retained_audit_unresolved,uncertain_previous_class_retained,Unverified membership,,,para,two_profile_boundary,False,1ab,early_a_ch;early_a_y,early_a_y,previous_working_class_retained_audit_unresolved,1b — uncertain previous class retained,none,recommendation_withheld,no_audit_assignment;previous_class_retained_with_uncertainty;affinity_is_not_assignment,0.61328125,early_a_y,early_a_y,early_a_y,early_a_y,membership_20261008_recommended_leaf,False,False,89,False,0.13855814,0.7830145525914248,f9v,0.10849304,f10v,0.10408533,f9v,0.10849304,,,,not studied,,,,early_a_y,1b,previous_working_class_retained_audit_unresolved,uncertain_previous_class_retained,Unverified membership,,,para,two_profile_boundary,False,1ab,early_a_ch;early_a_y,early_a_y,previous_working_class_retained_audit_unresolved,1b — uncertain previous class retained,none,recommendation_withheld,no_audit_assignment;previous_class_retained_with_uncertainty;affinity_is_not_assignment,0.61328125,early_a_y,early_a_y,early_a_y,early_a_y,membership_20261008_recommended_leaf,False,False,89,False,0.13855814,0.7830145525914248,f9v,0.10849304,f10v,0.10408533,f9v,0.10849304,,,,not studied,,,
f38r,1 Early A,E:35-38,early_a_ch,1a,audit_recommendation,context_supported,Strong support,early_a_ch,1a,para,context_supported,False,1ab,early_a_ch;early_a_y,early_a_ch,audit_recommendation,1a — context supported,qualified,validated_page_assistance,affinity_is_not_assignment;retained_assignment_is_qualified,0.515625,early_a_y,early_a_y,early_a_y,,membership_20261008_recommended_leaf,False,True,44,True,0.21266576,,,,f37r,0.11436265,f9v,0.11944654,37.32638888888889,39.93055555555556,18,rankable,44,paragraph,0,early_a_ch,1a,audit_recommendation,context_supported,Strong support,early_a_ch,1a,para,context_supported,False,1ab,early_a_ch;early_a_y,early_a_ch,audit_recommendation,1a — context supported,qualified,validated_page_assistance,affinity_is_not_assignment;retained_assignment_is_qualified,0.515625,early_a_y,early_a_y,early_a_y,,membership_20261008_recommended_leaf,False,True,44,True,0.21266576,,,,f37r,0.11436265,f9v,0.11944654,,,,not studied,,,
f38v,1 Early A,E:35-38,early_a_ch,1a,audit_recommendation,context_supported,Strong support,early_a_ch,1a,para,context_supported,False,,early_a_ch;pharma_paragraph,early_a_ch,audit_recommendation,1a — context supported,qualified,validated_page_assistance,retained_assignment_is_qualified,0.60546875,early_a_ch,early_a_ch,early_a_ch,early_a_ch,membership_20261008_recommended_leaf,False,True,68,False,0.15993729,0.687003199816628,f89r2,0.10987743,f89r2,0.10987743,f101r,0.11774241,,,,not studied,,,,early_a_ch,1a,audit_recommendation,context_supported,Strong support,early_a_ch,1a,para,context_supported,False,,early_a_ch;pharma_paragraph,early_a_ch,audit_recommendation,1a — context supported,qualified,validated_page_assistance,retained_assignment_is_qualified,0.60546875,early_a_ch,early_a_ch,early_a_ch,early_a_ch,membership_20261008_recommended_leaf,False,True,68,False,0.15993729,0.687003199816628,f89r2,0.10987743,f89r2,0.10987743,f101r,0.11774241,,,,not studied,,,
f39r,3a Herbal B,E:34-39,herbal_b_a,3a,audit_recommendation,secure,Strong support,herbal_b_a,3a,para,secure,False,,,herbal_b_a,audit_recommendation,3a — secure,secure,independent_page_evidence,,1.0,herbal_b_a,herbal_b_a,herbal_b_a,herbal_b_a,membership_20261008_recommended_leaf,True,True,157,False,0.11237452,0.6968725650619019,f46r,0.07831072,f46r,0.07831072,f85r1,0.08328557,,,,not studied,,,,herbal_b_a,3a,audit_recommendation,secure,Strong support,herbal_b_a,3a,para,secure,False,,,herbal_b_a,audit_recommendation,3a — secure,secure,independent_page_evidence,,1.0,herbal_b_a,herbal_b_a,herbal_b_a,herbal_b_a,membership_20261008_recommended_leaf,True,True,157,False,0.11237452,0.6968725650619019,f46r,0.07831072,f46r,0.07831072,f85r1,0.08328557,,,,not studied,,,
f39v,3a Herbal B,E:34-39,herbal_b_a,3a,audit_recommendation,secure,Strong support,herbal_b_a,3a,para,secure,False,,,herbal_b_a,audit_recommendation,3a — secure,secure,independent_page_evidence,,1.0,herbal_b_a,herbal_b_a,herbal_b_a,herbal_b_a,membership_20261008_recommended_leaf,True,True,146,False,0.08025455,0.850365617899546,f50v,0.06824571,f50v,0.06824571,f33v,0.06898278,,,,not studied,,,,herbal_b_a,3a,audit_recommendation,secure,Strong support,herbal_b_a,3a,para,secure,False,,,herbal_b_a,audit_recommendation,3a — secure,secure,independent_page_evidence,,1.0,herbal_b_a,herbal_b_a,herbal_b_a,herbal_b_a,membership_20261008_recommended_leaf,True,True,146,False,0.08025455,0.850365617899546,f50v,0.06824571,f50v,0.06824571,f33v,0.06898278,,,,not studied,,,
f40r,3a Herbal B,E:33-40,herbal_b_a,3a,audit_recommendation,secure,Strong support,herbal_b_a,3a,para,secure,False,,,herbal_b_a,audit_recommendation,3a — secure,secure,independent_page_evidence,,0.96484375,herbal_b_a,herbal_b_a,herbal_b_a,herbal_b_a,membership_20261008_recommended_leaf,True,True,103,False,0.0759027,0.9823879782932623,f39v,0.0745659,f39v,0.0745659,f50v,0.08124568,,,,not studied,,,,herbal_b_a,3a,audit_recommendation,secure,Strong support,herbal_b_a,3a,para,secure,False,,,herbal_b_a,audit_recommendation,3a — secure,secure,independent_page_evidence,,0.96484375,herbal_b_a,herbal_b_a,herbal_b_a,herbal_b_a,membership_20261008_recommended_leaf,True,True,103,False,0.0759027,0.9823879782932623,f39v,0.0745659,f39v,0.0745659,f50v,0.08124568,,,,not studied,,,
f40v,3a Herbal B,E:33-40,herbal_b_a,3a,audit_recommendation,context_supported,Strong support,herbal_b_a,3a,para,context_supported,False,,,herbal_b_a,audit_recommendation,3a — context supported,qualified,validated_page_assistance,retained_assignment_is_qualified,0.8828125,herbal_b_a,herbal_b_a,herbal_b_a,herbal_b_a,membership_20261008_recommended_leaf,False,True,105,False,0.11842401,0.6148340188784353,f50v,0.07281111,f50v,0.07281111,f34v,0.0892886,,,,not studied,,,,herbal_b_a,3a,audit_recommendation,context_supported,Strong support,herbal_b_a,3a,para,context_supported,False,,,herbal_b_a,audit_recommendation,3a — context supported,qualified,validated_page_assistance,retained_assignment_is_qualified,0.8828125,herbal_b_a,herbal_b_a,herbal_b_a,herbal_b_a,membership_20261008_recommended_leaf,False,True,105,False,0.11842401,0.6148340188784353,f50v,0.07281111,f50v,0.07281111,f34v,0.0892886,,,,not studied,,,
f41r,3a Herbal B,F:41-48,herbal_b_e,3b,audit_recommendation,context_supported,Strong support,herbal_b_e,3b,para,context_supported,False,,herbal_b_e;bio_paragraph,herbal_b_e,audit_recommendation,3b — context supported,qualified,validated_page_assistance,retained_assignment_is_qualified,0.91796875,herbal_b_e,herbal_b_e,herbal_b_e,herbal_b_e,membership_20261008_recommended_leaf,False,True,97,False,0.11520176,0.8941176766743841,f108r,0.10300393,f108r,0.10300393,f78r,0.11429081,,,,not studied,,,,herbal_b_e,3b,audit_recommendation,context_supported,Strong support,herbal_b_e,3b,para,context_supported,False,,herbal_b_e;bio_paragraph,herbal_b_e,audit_recommendation,3b — context supported,qualified,validated_page_assistance,retained_assignment_is_qualified,0.91796875,herbal_b_e,herbal_b_e,herbal_b_e,herbal_b_e,membership_20261008_recommended_leaf,False,True,97,False,0.11520176,0.8941176766743841,f108r,0.10300393,f108r,0.10300393,f78r,0.11429081,,,,not studied,,,
f41v,3a Herbal B,F:41-48,herbal_b_e,3b,audit_recommendation,context_supported,Strong support,herbal_b_e,3b,para,context_supported,False,,,herbal_b_e,audit_recommendation,3b — context supported,qualified,validated_page_assistance,retained_assignment_is_qualified,0.70703125,herbal_b_e,herbal_b_e,herbal_b_e,herbal_b_e,membership_20261008_recommended_leaf,False,True,65,False,0.17145525,0.5426825366968931,f105r,0.09304577,f105r,0.09304577,f108r,0.09409064,,,,not studied,,,,herbal_b_e,3b,audit_recommendation,context_supported,Strong support,herbal_b_e,3b,para,context_supported,False,,,herbal_b_e,audit_recommendation,3b — context supported,qualified,validated_page_assistance,retained_assignment_is_qualified,0.70703125,herbal_b_e,herbal_b_e,herbal_b_e,herbal_b_e,membership_20261008_recommended_leaf,False,True,65,False,0.17145525,0.5426825366968931,f105r,0.09304577,f105r,0.09304577,f108r,0.09409064,,,,not studied,,,
f42r,1 Early A,F:42-47,early_a_ch,1a,audit_recommendation,secure,Strong support,early_a_ch,1a,para,secure,False,,,early_a_ch,audit_recommendation,1a — secure,secure,independent_page_evidence,,1.0,early_a_ch,early_a_ch,early_a_ch,early_a_ch,membership_20261008_recommended_leaf,True,True,141,False,0.10794472,0.8279780613632608,f8v,0.08937586,f8v,0.08937586,f8r,0.09637702,,,,not studied,,,,early_a_ch,1a,audit_recommendation,secure,Strong support,early_a_ch,1a,para,secure,False,,,early_a_ch,audit_recommendation,1a — secure,secure,independent_page_evidence,,1.0,early_a_ch,early_a_ch,early_a_ch,early_a_ch,membership_20261008_recommended_leaf,True,True,141,False,0.10794472,0.8279780613632608,f8v,0.08937586,f8v,0.08937586,f8r,0.09637702,,,,not studied,,,
f42v,1 Early A,F:42-47,early_a_ch,1a,audit_recommendation,secure,Strong support,early_a_ch,1a,para,secure,False,,,early_a_ch,audit_recommendation,1a — secure,secure,independent_page_evidence,,0.99609375,early_a_ch,early_a_ch,early_a_ch,early_a_ch,membership_20261008_recommended_leaf,True,True,116,False,0.20327349,0.5083960038271592,f35v,0.10334343,f35v,0.10334343,f8r,0.10352813,,,,not studied,,,,early_a_ch,1a,audit_recommendation,secure,Strong support,early_a_ch,1a,para,secure,False,,,early_a_ch,audit_recommendation,1a — secure,secure,independent_page_evidence,,0.99609375,early_a_ch,early_a_ch,early_a_ch,early_a_ch,membership_20261008_recommended_leaf,True,True,116,False,0.20327349,0.5083960038271592,f35v,0.10334343,f35v,0.10334343,f8r,0.10352813,,,,not studied,,,
f43r,3a Herbal B,F:43-46,herbal_b_e,3b,previous_working_class_retained_audit_unresolved,uncertain_previous_class_retained,Unverified membership,,,para,atypical,False,,,herbal_b_e,previous_working_class_retained_audit_unresolved,3b — uncertain previous class retained,none,recommendation_withheld,no_audit_assignment;previous_class_retained_with_uncertainty;affinity_is_not_assignment;atypical_fit_not_new_leaf,0.52734375,herbal_b_a,herbal_b_e,herbal_b_a,herbal_b_e,membership_20261008_recommended_leaf,False,False,153,False,0.09422279,0.8284014939485447,f85r1,0.0780543,f85r1,0.0780543,f48v,0.08182101,,,,not studied,,,,herbal_b_e,3b,previous_working_class_retained_audit_unresolved,uncertain_previous_class_retained,Unverified membership,,,para,atypical,False,,,herbal_b_e,previous_working_class_retained_audit_unresolved,3b — uncertain previous class retained,none,recommendation_withheld,no_audit_assignment;previous_class_retained_with_uncertainty;affinity_is_not_assignment;atypical_fit_not_new_leaf,0.52734375,herbal_b_a,herbal_b_e,herbal_b_a,herbal_b_e,membership_20261008_recommended_leaf,False,False,153,False,0.09422279,0.8284014939485447,f85r1,0.0780543,f85r1,0.0780543,f48v,0.08182101,,,,not studied,,,
f43v,3a Herbal B,F:43-46,herbal_b_e,3b,audit_recommendation,secure,Strong support,herbal_b_e,3b,para,secure,False,,,herbal_b_e,audit_recommendation,3b — secure,secure,independent_page_evidence,,0.96484375,herbal_b_e,herbal_b_e,herbal_b_e,herbal_b_e,membership_20261008_recommended_leaf,True,True,151,False,0.11459117,0.658424379470076,f85r1,0.07544962,f85r1,0.07544962,f48v,0.07927315,,,,not studied,,,,herbal_b_e,3b,audit_recommendation,secure,Strong support,herbal_b_e,3b,para,secure,False,,,herbal_b_e,audit_recommendation,3b — secure,secure,independent_page_evidence,,0.96484375,herbal_b_e,herbal_b_e,herbal_b_e,herbal_b_e,membership_20261008_recommended_leaf,True,True,151,False,0.11459117,0.658424379470076,f85r1,0.07544962,f85r1,0.07544962,f48v,0.07927315,,,,not studied,,,
f44r,1 Early A,F:44-45,early_a_y,1b,audit_recommendation,leaning,Tentative support,early_a_y,1b,para,leaning,False,,,early_a_y,audit_recommendation,1b — leaning,qualified,qualified_page_evidence,retained_assignment_is_qualified,0.984375,early_a_y,early_a_y,early_a_y,early_a_y,membership_20261008_recommended_leaf,False,False,74,False,0.21662276,0.532490076296692,f37r,0.11534947,f37r,0.11534947,f18v,0.11539568,,,,not studied,,,,early_a_y,1b,audit_recommendation,leaning,Tentative support,early_a_y,1b,para,leaning,False,,,early_a_y,audit_recommendation,1b — leaning,qualified,qualified_page_evidence,retained_assignment_is_qualified,0.984375,early_a_y,early_a_y,early_a_y,early_a_y,membership_20261008_recommended_leaf,False,False,74,False,0.21662276,0.532490076296692,f37r,0.11534947,f37r,0.11534947,f18v,0.11539568,,,,not studied,,,
f44v,1 Early A,F:44-45,early_a_y,1b,audit_recommendation,context_supported,Strong support,early_a_y,1b,para,context_supported,False,1ab,early_a_ch;early_a_y,early_a_y,audit_recommendation,1b — context supported,qualified,validated_page_assistance,retained_assignment_is_qualified,0.890625,early_a_y,early_a_ch,early_a_y,early_a_ch,membership_20261008_recommended_leaf,False,True,100,False,0.10955228,0.8879580598413834,f21r,0.09727783,f21r,0.09727783,f37r,0.10590084,,,,not studied,,,,early_a_y,1b,audit_recommendation,context_supported,Strong support,early_a_y,1b,para,context_supported,False,1ab,early_a_ch;early_a_y,early_a_y,audit_recommendation,1b — context supported,qualified,validated_page_assistance,retained_assignment_is_qualified,0.890625,early_a_y,early_a_ch,early_a_y,early_a_ch,membership_20261008_recommended_leaf,False,True,100,False,0.10955228,0.8879580598413834,f21r,0.09727783,f21r,0.09727783,f37r,0.10590084,,,,not studied,,,
f45r,1 Early A,F:44-45,early_a_y,1b,audit_recommendation,secure,Strong support,early_a_y,1b,para,secure,False,,,early_a_y,audit_recommendation,1b — secure,secure,independent_page_evidence,,1.0,early_a_y,early_a_y,early_a_y,early_a_y,membership_20261008_recommended_leaf,True,True,89,False,0.08922681,0.9841399686932659,f23r,0.08781167,f23r,0.08781167,f37r,0.09853654,,,,not studied,,,,early_a_y,1b,audit_recommendation,secure,Strong support,early_a_y,1b,para,secure,False,,,early_a_y,audit_recommendation,1b — secure,secure,independent_page_evidence,,1.0,early_a_y,early_a_y,early_a_y,early_a_y,membership_20261008_recommended_leaf,True,True,89,False,0.08922681,0.9841399686932659,f23r,0.08781167,f23r,0.08781167,f37r,0.09853654,,,,not studied,,,
f45v,1 Early A,F:44-45,early_a_y,1b,audit_recommendation,secure,Strong support,early_a_y,1b,para,secure,False,,,early_a_y,audit_recommendation,1b — secure,secure,independent_page_evidence,,1.0,early_a_y,early_a_y,early_a_y,early_a_y,membership_20261008_recommended_leaf,True,True,84,False,0.16895352,0.4653992411640787,f9r,0.07863084,f9r,0.07863084,f37r,0.08339622,,,,not studied,,,,early_a_y,1b,audit_recommendation,secure,Strong support,early_a_y,1b,para,secure,False,,,early_a_y,audit_recommendation,1b — secure,secure,independent_page_evidence,,1.0,early_a_y,early_a_y,early_a_y,early_a_y,membership_20261008_recommended_leaf,True,True,84,False,0.16895352,0.4653992411640787,f9r,0.07863084,f9r,0.07863084,f37r,0.08339622,,,,not studied,,,
f46r,3a Herbal B,F:43-46,herbal_b_a,3a,previous_working_class_retained_audit_unresolved,uncertain_previous_class_retained,Unverified membership,,,para,atypical,False,,,herbal_b_a,previous_working_class_retained_audit_unresolved,3a — uncertain previous class retained,none,recommendation_withheld,no_audit_assignment;previous_class_retained_with_uncertainty;affinity_is_not_assignment;atypical_fit_not_new_leaf,0.8515625,herbal_b_a,herbal_b_a,herbal_b_a,herbal_b_a,membership_20261008_recommended_leaf,False,False,163,False,0.13252907,0.5908946618277786,f39r,0.07831072,f39r,0.07831072,f66r,0.08318238,,,,not studied,,,,herbal_b_a,3a,previous_working_class_retained_audit_unresolved,uncertain_previous_class_retained,Unverified membership,,,para,atypical,False,,,herbal_b_a,previous_working_class_retained_audit_unresolved,3a — uncertain previous class retained,none,recommendation_withheld,no_audit_assignment;previous_class_retained_with_uncertainty;affinity_is_not_assignment;atypical_fit_not_new_leaf,0.8515625,herbal_b_a,herbal_b_a,herbal_b_a,herbal_b_a,membership_20261008_recommended_leaf,False,False,163,False,0.13252907,0.5908946618277786,f39r,0.07831072,f39r,0.07831072,f66r,0.08318238,,,,not studied,,,
f46v,3a Herbal B,F:43-46,herbal_b_e,3b,previous_working_class_retained_audit_unresolved,uncertain_previous_class_retained,Unverified membership,,,para,two_profile_boundary,True,3ab,herbal_b_a;herbal_b_e,herbal_b_e,previous_working_class_retained_audit_unresolved,3b — uncertain previous class retained,none,recommendation_withheld,no_audit_assignment;previous_class_retained_with_uncertainty;affinity_is_not_assignment;intermediate_candidate_not_confirmed,0.5625,herbal_b_e,herbal_b_e,herbal_b_e,herbal_b_e,membership_20261008_recommended_leaf,False,False,110,False,0.13021406,0.5998938977864602,f34r,0.07811462,f34r,0.07811462,f85r1,0.09118904,,,,not studied,,,,herbal_b_e,3b,previous_working_class_retained_audit_unresolved,uncertain_previous_class_retained,Unverified membership,,,para,two_profile_boundary,True,3ab,herbal_b_a;herbal_b_e,herbal_b_e,previous_working_class_retained_audit_unresolved,3b — uncertain previous class retained,none,recommendation_withheld,no_audit_assignment;previous_class_retained_with_uncertainty;affinity_is_not_assignment;intermediate_candidate_not_confirmed,0.5625,herbal_b_e,herbal_b_e,herbal_b_e,herbal_b_e,membership_20261008_recommended_leaf,False,False,110,False,0.13021406,0.5998938977864602,f34r,0.07811462,f34r,0.07811462,f85r1,0.09118904,,,,not studied,,,
f47r,1 Early A,F:42-47,early_a_ch,1a,audit_recommendation,secure,Strong support,early_a_ch,1a,para,secure,False,,,early_a_ch,audit_recommendation,1a — secure,secure,independent_page_evidence,,1.0,early_a_ch,early_a_ch,early_a_ch,early_a_ch,membership_20261008_recommended_leaf,True,True,76,False,0.14309855,0.7271529306201916,f56v,0.10405453,f56v,0.10405453,f8r,0.11754709,,,,not studied,,,,early_a_ch,1a,audit_recommendation,secure,Strong support,early_a_ch,1a,para,secure,False,,,early_a_ch,audit_recommendation,1a — secure,secure,independent_page_evidence,,1.0,early_a_ch,early_a_ch,early_a_ch,early_a_ch,membership_20261008_recommended_leaf,True,True,76,False,0.14309855,0.7271529306201916,f56v,0.10405453,f56v,0.10405453,f8r,0.11754709,,,,not studied,,,
f47v,1 Early A,F:42-47,early_a_ch,1a,audit_recommendation,secure,Strong support,early_a_ch,1a,para,secure,False,,,early_a_ch,audit_recommendation,1a — secure,secure,independent_page_evidence,,1.0,early_a_ch,early_a_ch,early_a_ch,early_a_ch,membership_20261008_recommended_leaf,True,True,85,False,0.14410006,0.7638409727240918,f49v,0.11006953,f49v,0.11006953,f27r,0.11429286,,,,not studied,,,,early_a_ch,1a,audit_recommendation,secure,Strong support,early_a_ch,1a,para,secure,False,,,early_a_ch,audit_recommendation,1a — secure,secure,independent_page_evidence,,1.0,early_a_ch,early_a_ch,early_a_ch,early_a_ch,membership_20261008_recommended_leaf,True,True,85,False,0.14410006,0.7638409727240918,f49v,0.11006953,f49v,0.11006953,f27r,0.11429286,,,,not studied,,,
f48r,3a Herbal B,F:41-48,herbal_b_e,3b,audit_recommendation,context_supported,Strong support,herbal_b_e,3b,para,context_supported,False,,,herbal_b_e,audit_recommendation,3b — context supported,qualified,validated_page_assistance,retained_assignment_is_qualified,0.859375,herbal_b_e,herbal_b_e,herbal_b_e,herbal_b_e,membership_20261008_recommended_leaf,False,True,89,False,0.1246681,0.7484690951414195,f43r,0.09331022,f43r,0.09331022,f43v,0.09351714,,,,not studied,,,,herbal_b_e,3b,audit_recommendation,context_supported,Strong support,herbal_b_e,3b,para,context_supported,False,,,herbal_b_e,audit_recommendation,3b — context supported,qualified,validated_page_assistance,retained_assignment_is_qualified,0.859375,herbal_b_e,herbal_b_e,herbal_b_e,herbal_b_e,membership_20261008_recommended_leaf,False,True,89,False,0.1246681,0.7484690951414195,f43r,0.09331022,f43r,0.09331022,f43v,0.09351714,,,,not studied,,,
f48v,3a Herbal B,F:41-48,herbal_b_e,3b,previous_working_class_retained_audit_unresolved,uncertain_previous_class_retained,Unverified membership,,,para,multi_profile_uncertain,False,,,herbal_b_e,previous_working_class_retained_audit_unresolved,3b — uncertain previous class retained,none,recommendation_withheld,no_audit_assignment;previous_class_retained_with_uncertainty;affinity_is_not_assignment,0.53515625,herbal_b_e,herbal_b_e,herbal_b_e,herbal_b_e,membership_20261008_recommended_leaf,False,False,128,False,0.10749547,0.7374557272041324,f43v,0.07927315,f43v,0.07927315,f43r,0.08182101,,,,not studied,,,,herbal_b_e,3b,previous_working_class_retained_audit_unresolved,uncertain_previous_class_retained,Unverified membership,,,para,multi_profile_uncertain,False,,,herbal_b_e,previous_working_class_retained_audit_unresolved,3b — uncertain previous class retained,none,recommendation_withheld,no_audit_assignment;previous_class_retained_with_uncertainty;affinity_is_not_assignment,0.53515625,herbal_b_e,herbal_b_e,herbal_b_e,herbal_b_e,membership_20261008_recommended_leaf,False,False,128,False,0.10749547,0.7374557272041324,f43v,0.07927315,f43v,0.07927315,f43r,0.08182101,,,,not studied,,,
f49r,1 Early A,G:49-56,early_a_ch,1a,audit_recommendation,secure,Strong support,early_a_ch,1a,para,secure,False,,,early_a_ch,audit_recommendation,1a — secure,secure,independent_page_evidence,,1.0,early_a_ch,early_a_ch,early_a_ch,early_a_ch,membership_20261008_recommended_leaf,True,True,114,False,0.13814188,0.7531634866993269,f32r,0.10404342,f32r,0.10404342,f2v,0.10472114,,,,not studied,,,,early_a_ch,1a,audit_recommendation,secure,Strong support,early_a_ch,1a,para,secure,False,,,early_a_ch,audit_recommendation,1a — secure,secure,independent_page_evidence,,1.0,early_a_ch,early_a_ch,early_a_ch,early_a_ch,membership_20261008_recommended_leaf,True,True,114,False,0.13814188,0.7531634866993269,f32r,0.10404342,f32r,0.10404342,f2v,0.10472114,,,,not studied,,,
f49v,1 Early A,G:49-56,early_a_ch,1a,audit_recommendation,secure,Strong support,early_a_ch,1a,para,secure,False,,,early_a_ch,audit_recommendation,1a — secure,secure,independent_page_evidence,,1.0,early_a_ch,early_a_ch,early_a_ch,early_a_ch,membership_20261008_recommended_leaf,True,True,143,False,0.09920409,1.0508302631474167,f42v,0.10424666,f42v,0.10424666,f8r,0.10432725,,,,not studied,,,,early_a_ch,1a,audit_recommendation,secure,Strong support,early_a_ch,1a,para,secure,False,,,early_a_ch,audit_recommendation,1a — secure,secure,independent_page_evidence,,1.0,early_a_ch,early_a_ch,early_a_ch,early_a_ch,membership_20261008_recommended_leaf,True,True,143,False,0.09920409,1.0508302631474167,f42v,0.10424666,f42v,0.10424666,f8r,0.10432725,,,,not studied,,,
f50r,3a Herbal B,G:50-55,herbal_b_a,3a,audit_recommendation,secure,Strong support,herbal_b_a,3a,para,secure,False,,,herbal_b_a,audit_recommendation,3a — secure,secure,independent_page_evidence,,0.9921875,herbal_b_a,herbal_b_a,herbal_b_a,herbal_b_a,membership_20261008_recommended_leaf,True,True,93,False,0.09552803,0.8258505906590976,f94r,0.07889188,f94r,0.07889188,f86v6,0.08040464,,,,not studied,,,,herbal_b_a,3a,audit_recommendation,secure,Strong support,herbal_b_a,3a,para,secure,False,,,herbal_b_a,audit_recommendation,3a — secure,secure,independent_page_evidence,,0.9921875,herbal_b_a,herbal_b_a,herbal_b_a,herbal_b_a,membership_20261008_recommended_leaf,True,True,93,False,0.09552803,0.8258505906590976,f94r,0.07889188,f94r,0.07889188,f86v6,0.08040464,,,,not studied,,,
f50v,3a Herbal B,G:50-55,herbal_b_a,3a,audit_recommendation,secure,Strong support,herbal_b_a,3a,para,secure,False,,,herbal_b_a,audit_recommendation,3a — secure,secure,independent_page_evidence,,0.9609375,herbal_b_a,herbal_b_a,herbal_b_a,herbal_b_a,membership_20261008_recommended_leaf,True,True,100,False,0.11506057,0.5931285582889082,f39v,0.06824571,f39v,0.06824571,f114r,0.07272962,,,,not studied,,,,herbal_b_a,3a,audit_recommendation,secure,Strong support,herbal_b_a,3a,para,secure,False,,,herbal_b_a,audit_recommendation,3a — secure,secure,independent_page_evidence,,0.9609375,herbal_b_a,herbal_b_a,herbal_b_a,herbal_b_a,membership_20261008_recommended_leaf,True,True,100,False,0.11506057,0.5931285582889082,f39v,0.06824571,f39v,0.06824571,f114r,0.07272962,,,,not studied,,,
f51r,1 Early A,G:51-54,early_a_y,1b,previous_working_class_retained_audit_unresolved,uncertain_previous_class_retained,Unverified membership,,,para,multi_profile_uncertain,False,,,early_a_y,previous_working_class_retained_audit_unresolved,1b — uncertain previous class retained,none,recommendation_withheld,no_audit_assignment;previous_class_retained_with_uncertainty;affinity_is_not_assignment,0.453125,pharma_paragraph,early_a_y,pharma_paragraph,early_a_y,membership_20261008_recommended_leaf,False,False,89,False,0.12073316,0.9461512479255906,f89r1,0.11423183,f89r1,0.11423183,f89v1,0.11475747,,,,not studied,,,,early_a_y,1b,previous_working_class_retained_audit_unresolved,uncertain_previous_class_retained,Unverified membership,,,para,multi_profile_uncertain,False,,,early_a_y,previous_working_class_retained_audit_unresolved,1b — uncertain previous class retained,none,recommendation_withheld,no_audit_assignment;previous_class_retained_with_uncertainty;affinity_is_not_assignment,0.453125,pharma_paragraph,early_a_y,pharma_paragraph,early_a_y,membership_20261008_recommended_leaf,False,False,89,False,0.12073316,0.9461512479255906,f89r1,0.11423183,f89r1,0.11423183,f89v1,0.11475747,,,,not studied,,,
f51v,1 Early A,G:51-54,early_a_y,1b,previous_working_class_retained_audit_unresolved,uncertain_previous_class_retained,Unverified membership,,,para,multi_profile_uncertain,False,,,early_a_y,previous_working_class_retained_audit_unresolved,1b — uncertain previous class retained,none,recommendation_withheld,no_audit_assignment;previous_class_retained_with_uncertainty;affinity_is_not_assignment,0.46484375,late_a_herbal,early_a_y,late_a_herbal,early_a_y,membership_20261008_recommended_leaf,False,False,82,False,0.13370601,0.6773200396900634,f89v1,0.09056176,f89v1,0.09056176,f93v,0.0945238,,,,not studied,,,,early_a_y,1b,previous_working_class_retained_audit_unresolved,uncertain_previous_class_retained,Unverified membership,,,para,multi_profile_uncertain,False,,,early_a_y,previous_working_class_retained_audit_unresolved,1b — uncertain previous class retained,none,recommendation_withheld,no_audit_assignment;previous_class_retained_with_uncertainty;affinity_is_not_assignment,0.46484375,late_a_herbal,early_a_y,late_a_herbal,early_a_y,membership_20261008_recommended_leaf,False,False,82,False,0.13370601,0.6773200396900634,f89v1,0.09056176,f89v1,0.09056176,f93v,0.0945238,,,,not studied,,,
f52r,1 Early A,G:52-53,early_a_y,1b,audit_recommendation,leaning,Tentative support,early_a_y,1b,para,leaning,False,,,early_a_y,audit_recommendation,1b — leaning,qualified,qualified_page_evidence,retained_assignment_is_qualified,1.0,early_a_y,early_a_y,early_a_y,early_a_y,membership_20261008_recommended_leaf,False,False,69,False,0.16051607,0.6489465509590411,f45r,0.10416635,f45r,0.10416635,f45v,0.10838873,,,,not studied,,,,early_a_y,1b,audit_recommendation,leaning,Tentative support,early_a_y,1b,para,leaning,False,,,early_a_y,audit_recommendation,1b — leaning,qualified,qualified_page_evidence,retained_assignment_is_qualified,1.0,early_a_y,early_a_y,early_a_y,early_a_y,membership_20261008_recommended_leaf,False,False,69,False,0.16051607,0.6489465509590411,f45r,0.10416635,f45r,0.10416635,f45v,0.10838873,,,,not studied,,,
f52v,1 Early A,G:52-53,early_a_y,1b,previous_working_class_retained_audit_unresolved,uncertain_previous_class_retained,Unverified membership,,,para,multi_profile_uncertain,False,,,early_a_y,previous_working_class_retained_audit_unresolved,1b — uncertain previous class retained,none,recommendation_withheld,no_audit_assignment;previous_class_retained_with_uncertainty;affinity_is_not_assignment,0.453125,early_a_y,early_a_y,early_a_y,early_a_y,membership_20261008_recommended_leaf,False,False,78,False,0.17660089,0.6119005402520904,f17v,0.10806218,f17v,0.10806218,f96r,0.10973918,,,,not studied,,,,early_a_y,1b,previous_working_class_retained_audit_unresolved,uncertain_previous_class_retained,Unverified membership,,,para,multi_profile_uncertain,False,,,early_a_y,previous_working_class_retained_audit_unresolved,1b — uncertain previous class retained,none,recommendation_withheld,no_audit_assignment;previous_class_retained_with_uncertainty;affinity_is_not_assignment,0.453125,early_a_y,early_a_y,early_a_y,early_a_y,membership_20261008_recommended_leaf,False,False,78,False,0.17660089,0.6119005402520904,f17v,0.10806218,f17v,0.10806218,f96r,0.10973918,,,,not studied,,,
f53r,1 Early A,G:52-53,early_a_y,1b,audit_recommendation,context_supported,Strong support,early_a_y,1b,para,context_supported,False,,early_a_y;late_a_herbal,early_a_y,audit_recommendation,1b — context supported,qualified,validated_page_assistance,retained_assignment_is_qualified,0.8359375,early_a_y,early_a_y,early_a_y,early_a_y,membership_20261008_recommended_leaf,False,True,61,False,0.19154743,0.6210715017163113,f13v,0.11896465,f13v,0.11896465,f10r,0.12719039,,,,not studied,,,,early_a_y,1b,audit_recommendation,context_supported,Strong support,early_a_y,1b,para,context_supported,False,,early_a_y;late_a_herbal,early_a_y,audit_recommendation,1b — context supported,qualified,validated_page_assistance,retained_assignment_is_qualified,0.8359375,early_a_y,early_a_y,early_a_y,early_a_y,membership_20261008_recommended_leaf,False,True,61,False,0.19154743,0.6210715017163113,f13v,0.11896465,f13v,0.11896465,f10r,0.12719039,,,,not studied,,,
f53v,1 Early A,G:52-53,early_a_y,1b,previous_working_class_retained_audit_unresolved,uncertain_previous_class_retained,Unverified membership,,,para,multi_profile_uncertain,False,,,early_a_y,previous_working_class_retained_audit_unresolved,1b — uncertain previous class retained,none,recommendation_withheld,no_audit_assignment;previous_class_retained_with_uncertainty;affinity_is_not_assignment,0.55078125,early_a_y,early_a_y,early_a_y,early_a_y,membership_20261008_recommended_leaf,False,False,73,False,0.12036138,0.9234212003883637,f51v,0.11114425,f51v,0.11114425,f93v,0.11600393,,,,not studied,,,,early_a_y,1b,previous_working_class_retained_audit_unresolved,uncertain_previous_class_retained,Unverified membership,,,para,multi_profile_uncertain,False,,,early_a_y,previous_working_class_retained_audit_unresolved,1b — uncertain previous class retained,none,recommendation_withheld,no_audit_assignment;previous_class_retained_with_uncertainty;affinity_is_not_assignment,0.55078125,early_a_y,early_a_y,early_a_y,early_a_y,membership_20261008_recommended_leaf,False,False,73,False,0.12036138,0.9234212003883637,f51v,0.11114425,f51v,0.11114425,f93v,0.11600393,,,,not studied,,,
f54r,1 Early A,G:51-54,early_a_y,1b,previous_working_class_retained_audit_unresolved,uncertain_previous_class_retained,Unverified membership,,,para,multi_profile_uncertain,False,,,early_a_y,previous_working_class_retained_audit_unresolved,1b — uncertain previous class retained,none,recommendation_withheld,no_audit_assignment;previous_class_retained_with_uncertainty;affinity_is_not_assignment,0.421875,early_a_y,early_a_y,early_a_y,early_a_y,membership_20261008_recommended_leaf,False,False,110,False,0.13010897,0.7838854615481162,f93r,0.10199053,f93r,0.10199053,f89v1,0.10996569,,,,not studied,,,,early_a_y,1b,previous_working_class_retained_audit_unresolved,uncertain_previous_class_retained,Unverified membership,,,para,multi_profile_uncertain,False,,,early_a_y,previous_working_class_retained_audit_unresolved,1b — uncertain previous class retained,none,recommendation_withheld,no_audit_assignment;previous_class_retained_with_uncertainty;affinity_is_not_assignment,0.421875,early_a_y,early_a_y,early_a_y,early_a_y,membership_20261008_recommended_leaf,False,False,110,False,0.13010897,0.7838854615481162,f93r,0.10199053,f93r,0.10199053,f89v1,0.10996569,,,,not studied,,,
f54v,1 Early A,G:51-54,early_a_y,1b,previous_working_class_retained_audit_unresolved,uncertain_previous_class_retained,Unverified membership,,,para,multi_profile_uncertain,False,,,early_a_y,previous_working_class_retained_audit_unresolved,1b — uncertain previous class retained,none,recommendation_withheld,no_audit_assignment;previous_class_retained_with_uncertainty;affinity_is_not_assignment,0.6015625,f58,early_a_y,f58,early_a_y,membership_20261008_recommended_leaf,False,False,93,False,0.12854801,0.7037606416466502,f89v1,0.09046703,f89v1,0.09046703,f58v,0.10272611,,,,not studied,,,,early_a_y,1b,previous_working_class_retained_audit_unresolved,uncertain_previous_class_retained,Unverified membership,,,para,multi_profile_uncertain,False,,,early_a_y,previous_working_class_retained_audit_unresolved,1b — uncertain previous class retained,none,recommendation_withheld,no_audit_assignment;previous_class_retained_with_uncertainty;affinity_is_not_assignment,0.6015625,f58,early_a_y,f58,early_a_y,membership_20261008_recommended_leaf,False,False,93,False,0.12854801,0.7037606416466502,f89v1,0.09046703,f89v1,0.09046703,f58v,0.10272611,,,,not studied,,,
f55r,3a Herbal B,G:50-55,herbal_b_a,3a,audit_recommendation,secure,Strong support,herbal_b_a,3a,para,secure,False,,,herbal_b_a,audit_recommendation,3a — secure,secure,independent_page_evidence,,0.9921875,herbal_b_a,herbal_b_a,herbal_b_a,herbal_b_a,membership_20261008_recommended_leaf,True,True,124,False,0.12255755,0.5595455359543332,f94r,0.06857653,f94r,0.06857653,f39v,0.06985797,,,,not studied,,,,herbal_b_a,3a,audit_recommendation,secure,Strong support,herbal_b_a,3a,para,secure,False,,,herbal_b_a,audit_recommendation,3a — secure,secure,independent_page_evidence,,0.9921875,herbal_b_a,herbal_b_a,herbal_b_a,herbal_b_a,membership_20261008_recommended_leaf,True,True,124,False,0.12255755,0.5595455359543332,f94r,0.06857653,f94r,0.06857653,f39v,0.06985797,,,,not studied,,,
f55v,3a Herbal B,G:50-55,herbal_b_a,3a,audit_recommendation,secure,Strong support,herbal_b_a,3a,para,secure,False,,,herbal_b_a,audit_recommendation,3a — secure,secure,independent_page_evidence,,0.97265625,herbal_b_a,herbal_b_a,herbal_b_a,herbal_b_a,membership_20261008_recommended_leaf,True,True,105,False,0.12771231,0.592578820318887,f33r,0.07567961,f33r,0.07567961,f86v6,0.08208415,,,,not studied,,,,herbal_b_a,3a,audit_recommendation,secure,Strong support,herbal_b_a,3a,para,secure,False,,,herbal_b_a,audit_recommendation,3a — secure,secure,independent_page_evidence,,0.97265625,herbal_b_a,herbal_b_a,herbal_b_a,herbal_b_a,membership_20261008_recommended_leaf,True,True,105,False,0.12771231,0.592578820318887,f33r,0.07567961,f33r,0.07567961,f86v6,0.08208415,,,,not studied,,,
f56r,1 Early A,G:49-56,early_a_ch,1a,audit_recommendation,secure,Strong support,early_a_ch,1a,para,secure,False,,,early_a_ch,audit_recommendation,1a — secure,secure,independent_page_evidence,,1.0,early_a_ch,early_a_ch,early_a_ch,early_a_ch,membership_20261008_recommended_leaf,True,True,103,False,0.13682129,0.7841335219102231,f14r,0.10728616,f14r,0.10728616,f42v,0.10996843,,,,not studied,,,,early_a_ch,1a,audit_recommendation,secure,Strong support,early_a_ch,1a,para,secure,False,,,early_a_ch,audit_recommendation,1a — secure,secure,independent_page_evidence,,1.0,early_a_ch,early_a_ch,early_a_ch,early_a_ch,membership_20261008_recommended_leaf,True,True,103,False,0.13682129,0.7841335219102231,f14r,0.10728616,f14r,0.10728616,f42v,0.10996843,,,,not studied,,,
f56v,1 Early A,G:49-56,early_a_ch,1a,audit_recommendation,secure,Strong support,early_a_ch,1a,para,secure,False,,,early_a_ch,audit_recommendation,1a — secure,secure,independent_page_evidence,,0.99609375,early_a_ch,early_a_ch,early_a_ch,early_a_ch,membership_20261008_recommended_leaf,True,True,91,False,0.11435772,0.9099038525776835,f47r,0.10405453,f10v,0.0953061,f47r,0.10405453,,,,not studied,,,,early_a_ch,1a,audit_recommendation,secure,Strong support,early_a_ch,1a,para,secure,False,,,early_a_ch,audit_recommendation,1a — secure,secure,independent_page_evidence,,0.99609375,early_a_ch,early_a_ch,early_a_ch,early_a_ch,membership_20261008_recommended_leaf,True,True,91,False,0.11435772,0.9099038525776835,f47r,0.10405453,f10v,0.0953061,f47r,0.10405453,,,,not studied,,,
f57r,3a Herbal B,H:57-66,herbal_b_e,3b,audit_recommendation,leaning,Tentative support,herbal_b_e,3b,para,leaning,False,,pharma_paragraph;herbal_b_e,herbal_b_e,audit_recommendation,3b — leaning,qualified,qualified_page_evidence,retained_assignment_is_qualified,0.921875,herbal_b_e,herbal_b_e,herbal_b_e,herbal_b_e,membership_20261008_recommended_leaf,False,False,87,False,0.12606225,1.0303589694773814,f43v,0.12988937,f43v,0.12988937,f31r,0.13247243,,,,not studied,,,,herbal_b_e,3b,audit_recommendation,leaning,Tentative support,herbal_b_e,3b,para,leaning,False,,pharma_paragraph;herbal_b_e,herbal_b_e,audit_recommendation,3b — leaning,qualified,qualified_page_evidence,retained_assignment_is_qualified,0.921875,herbal_b_e,herbal_b_e,herbal_b_e,herbal_b_e,membership_20261008_recommended_leaf,False,False,87,False,0.12606225,1.0303589694773814,f43v,0.12988937,f43v,0.12988937,f31r,0.13247243,,,,not studied,,,
f57v,Unassigned,H:57-66,,,,,,,,,,,,,,,,,,,,,,,,,,,,,,,,,,,,,,,,,,,,,,no_established_working_class,unresolved,Unassigned,,,circle,atypical,False,,,,no_established_working_class,No established working class,none,recommendation_withheld,no_audit_assignment;affinity_is_not_assignment;atypical_fit_not_new_leaf,0.41015625,celestial_running,,celestial_running,,membership_20261008_recommended_leaf,False,False,192,False,0.22114066,0.8436847389349386,f69r,0.186573,f69r,0.186573,f67r1,0.18962612,96.35416666666666,96.875,6,rankable,68,all_no_singletons,124
f58r,6 f58,H:58-65,f58,6,audit_recommendation,reference_limited,Unverified membership,f58,6,para,reference_limited,False,,,f58,audit_recommendation,6 — reference limited (retained reference),qualified,reference_retained_without_independent_own_reference,affinity_is_not_assignment;own_reference_not_independently_testable;retained_assignment_is_qualified,0.8046875,celestial_running,f58,celestial_running,f58,membership_20261008_recommended_leaf,False,False,378,False,0.05389886,1.7631619666909468,f86v5,0.09503242,f86v5,0.09503242,f86v6,0.09648437,,,,not studied,,,,f58,6,audit_recommendation,reference_limited,Unverified membership,f58,6,para,reference_limited,False,,,f58,audit_recommendation,6 — reference limited (retained reference),qualified,reference_retained_without_independent_own_reference,affinity_is_not_assignment;own_reference_not_independently_testable;retained_assignment_is_qualified,0.8046875,celestial_running,f58,celestial_running,f58,membership_20261008_recommended_leaf,False,False,378,False,0.05389886,1.6795895126538856,f70r2,0.09052796,f70r2,0.09052796,f86v5,0.09503242,,,,not studied,,,
f58v,6 f58,H:58-65,f58,6,audit_recommendation,reference_limited,Unverified membership,f58,6,para,reference_limited,False,,,f58,audit_recommendation,6 — reference limited (retained reference),qualified,reference_retained_without_independent_own_reference,affinity_is_not_assignment;own_reference_not_independently_testable;retained_assignment_is_qualified,0.94140625,herbal_b_a,f58,herbal_b_a,f58,membership_20261008_recommended_leaf,False,False,374,False,0.05153539,1.67259935357043,f107r,0.08619806,f107r,0.08619806,f86v6,0.08785114,,,,not studied,,,,f58,6,audit_recommendation,reference_limited,Unverified membership,f58,6,para,reference_limited,False,,,f58,audit_recommendation,6 — reference limited (retained reference),qualified,reference_retained_without_independent_own_reference,affinity_is_not_assignment;own_reference_not_independently_testable;retained_assignment_is_qualified,0.94140625,herbal_b_a,f58,herbal_b_a,f58,membership_20261008_recommended_leaf,False,False,374,False,0.05153539,1.67259935357043,f107r,0.08619806,f107r,0.08619806,f86v6,0.08785114,,,,not studied,,,
f65v,Unassigned,H:58-65,herbal_b_e,3b,audit_recommendation,leaning,Tentative support,herbal_b_e,3b,para,leaning,False,,,herbal_b_e,audit_recommendation,3b — leaning,qualified,qualified_page_evidence,retained_assignment_is_qualified,0.9921875,herbal_b_e,herbal_b_e,herbal_b_e,,membership_20261008_recommended_leaf,False,False,45,True,0.23398672,,,,f66r,0.15321424,f43v,0.15562544,95.9703947368421,97.61513157894737,19,rankable,45,paragraph,0,herbal_b_e,3b,audit_recommendation,leaning,Tentative support,herbal_b_e,3b,para,leaning,False,,,herbal_b_e,audit_recommendation,3b — leaning,qualified,qualified_page_evidence,retained_assignment_is_qualified,0.9921875,herbal_b_e,herbal_b_e,herbal_b_e,,membership_20261008_recommended_leaf,False,False,45,True,0.23398672,,,,f66r,0.15321424,f43v,0.15562544,95.72368421052632,96.2171052631579,19,rankable,45,all,0
f66r,3a Herbal B,H:57-66,herbal_b_e,3b,audit_recommendation,secure,Strong support,herbal_b_e,3b,para,secure,False,,,herbal_b_e,audit_recommendation,3b — secure,secure,independent_page_evidence,,0.98046875,herbal_b_e,herbal_b_e,herbal_b_e,,membership_20261008_recommended_leaf,True,True,294,False,0.05725881,1.2219599045107645,f85r1,0.06996797,f85r1,0.06996797,f106r,0.07321831,,,,not studied,,,,herbal_b_e,3b,audit_recommendation,secure,Strong support,herbal_b_e,3b,para,secure,False,,,herbal_b_e,audit_recommendation,3b — secure,secure,independent_page_evidence,,0.98046875,herbal_b_e,herbal_b_e,herbal_b_e,,membership_20261008_recommended_leaf,True,True,294,False,0.05725881,1.2219599045107645,f85r1,0.06996797,f85r1,0.06996797,f106r,0.07321831,,,,not studied,,,
f66v,3a Herbal B,H:57-66,herbal_b_e,3b,previous_working_class_retained_audit_unresolved,uncertain_previous_class_retained,Unverified membership,,,para,two_profile_boundary,True,3ab,herbal_b_a;herbal_b_e,herbal_b_e,previous_working_class_retained_audit_unresolved,3b — uncertain previous class retained,none,recommendation_withheld,no_audit_assignment;previous_class_retained_with_uncertainty;affinity_is_not_assignment;intermediate_candidate_not_confirmed,0.36328125,herbal_b_e,herbal_b_e,herbal_b_e,herbal_b_e,membership_20261008_recommended_leaf,False,False,114,False,0.17255128,0.6716208074492406,f85r1,0.11588903,f85r1,0.11588903,f46r,0.1185113,,,,not studied,,,,herbal_b_e,3b,previous_working_class_retained_audit_unresolved,uncertain_previous_class_retained,Unverified membership,,,para,two_profile_boundary,True,3ab,herbal_b_a;herbal_b_e,herbal_b_e,previous_working_class_retained_audit_unresolved,3b — uncertain previous class retained,none,recommendation_withheld,no_audit_assignment;previous_class_retained_with_uncertainty;affinity_is_not_assignment;intermediate_candidate_not_confirmed,0.36328125,herbal_b_e,herbal_b_e,herbal_b_e,herbal_b_e,membership_20261008_recommended_leaf,False,False,114,False,0.17255128,0.6716208074492406,f85r1,0.11588903,f85r1,0.11588903,f46r,0.1185113,,,,not studied,,,
f67r1,5 Celestial,I:67-68,celestial_running,5a,audit_recommendation,leaning,Tentative support,celestial_running,5a,para,leaning,False,,pharma_paragraph;celestial_running,celestial_running,audit_recommendation,5a — leaning,qualified,qualified_page_evidence,retained_assignment_is_qualified,0.83984375,celestial_running,celestial_running,celestial_running,,membership_20261008_recommended_leaf,False,False,41,True,0.21672668,,,,f31v,0.15731838,f89v2,0.16029842,96.54605263157895,98.02631578947368,19,rankable,41,paragraph,0,celestial_running,5a,audit_recommendation,secure,Strong support,celestial_running,5a,circle,secure,False,,,celestial_running,audit_recommendation,5a — secure,secure,independent_page_evidence,,1.0,celestial_running,celestial_running,celestial_running,celestial_running,membership_20261008_recommended_leaf,True,True,167,False,0.11867206,0.7761873350812315,f70r2,0.09211175,f70r2,0.09211175,f69r,0.09674136,,,,no qualifying sources,167,all,0
f67r2,5 Celestial,I:67-68,celestial_running,5a,previous_working_class_retained_audit_unresolved,uncertain_previous_class_retained,Unverified membership,,,para,atypical,False,,,celestial_running,previous_working_class_retained_audit_unresolved,5a — uncertain previous class retained,none,recommendation_withheld,no_audit_assignment;previous_class_retained_with_uncertainty;affinity_is_not_assignment;atypical_fit_not_new_leaf,0.5859375,pharma_paragraph,celestial_running,pharma_paragraph,,membership_20261008_recommended_leaf,False,False,126,False,0.13566793,0.8127522104892438,f89v2,0.11026441,f89v2,0.11026441,f89v1,0.119371,,,,not studied,,,,celestial_running,5a,previous_working_class_retained_audit_unresolved,uncertain_previous_class_retained,Unverified membership,,,para,atypical,False,,,celestial_running,previous_working_class_retained_audit_unresolved,5a — uncertain previous class retained,none,recommendation_withheld,no_audit_assignment;previous_class_retained_with_uncertainty;affinity_is_not_assignment;atypical_fit_not_new_leaf,0.5859375,pharma_paragraph,celestial_running,pharma_paragraph,,membership_20261008_recommended_leaf,False,False,126,False,0.13566793,0.8127522104892438,f89v2,0.11026441,f89v2,0.11026441,f69r,0.1135682,,,,not studied,,,
f67v2,5 Celestial,I:67-68,celestial_running,5a,previous_working_class_retained_audit_unresolved,uncertain_previous_class_retained,Unverified membership,,,para,reference_limited,False,,,celestial_running,previous_working_class_retained_audit_unresolved,5a — uncertain previous class retained,none,recommendation_withheld,no_audit_assignment;previous_class_retained_with_uncertainty;affinity_is_not_assignment,0.93359375,f58,celestial_running,f58,,membership_20261008_recommended_leaf,False,False,33,True,0.18505768,,,,f58v,0.16333136,f58r,0.17687179,98.27302631578947,99.3421052631579,19,rankable,33,paragraph,0,celestial_running,5a,previous_working_class_retained_audit_unresolved,uncertain_previous_class_retained,Unverified membership,,,para,reference_limited,False,,,celestial_running,previous_working_class_retained_audit_unresolved,5a — uncertain previous class retained,none,recommendation_withheld,no_audit_assignment;previous_class_retained_with_uncertainty;affinity_is_not_assignment,0.93359375,f58,celestial_running,f58,,membership_20261008_recommended_leaf,False,False,51,True,0.1909861,,,,f58v,0.1509662,f55v,0.16631089,99.67105263157895,100.0,19,rankable,51,all,0
f67v1,5 Celestial,I:67-68,,,,,,,,,,,,,,,,,,,,,,,,,,,,,,,,,,,,,,,,,,,,celestial_running,5a,previous_working_class_retained_audit_unresolved,uncertain_previous_class_retained,Unverified membership,,,radial,multi_profile_uncertain,False,,,celestial_running,previous_working_class_retained_audit_unresolved,5a — uncertain previous class retained,none,recommendation_withheld,no_audit_assignment;previous_class_retained_with_uncertainty;affinity_is_not_assignment,0.4609375,celestial_running,celestial_running,celestial_running,celestial_running,membership_20261008_recommended_leaf,False,False,57,True,0.22247231,,,,f69r,0.12951092,f31v,0.13063203,70.3125,79.34027777777779,18,rankable,57,all,0
f68r1,5 Celestial,I:67-68,celestial_running,5a,previous_working_class_retained_audit_unresolved,uncertain_previous_class_retained,Unverified membership,,,para,multi_profile_uncertain,False,,,celestial_running,previous_working_class_retained_audit_unresolved,5a — uncertain previous class retained,none,recommendation_withheld,no_audit_assignment;previous_class_retained_with_uncertainty;affinity_is_not_assignment,0.26171875,early_a_y,celestial_running,early_a_y,,membership_20261008_recommended_leaf,False,False,31,True,0.24733361,,,,f101r,0.14798368,f9r,0.15019379,77.79605263157895,78.125,19,rankable,31,paragraph,0,celestial_running,5a,previous_working_class_retained_audit_unresolved,uncertain_previous_class_retained,Unverified membership,,,para,multi_profile_uncertain,False,,,celestial_running,previous_working_class_retained_audit_unresolved,5a — uncertain previous class retained,none,recommendation_withheld,no_audit_assignment;previous_class_retained_with_uncertainty;affinity_is_not_assignment,0.26171875,early_a_y,celestial_running,early_a_y,,membership_20261008_recommended_leaf,False,False,35,True,0.2552203,,,,f69v,0.14715486,f9r,0.15156358,83.88157894736842,85.52631578947368,19,rankable,35,all,0
f68r2,5 Celestial,I:67-68,pharma_paragraph,2b,audit_recommendation,leaning,Tentative support,pharma_paragraph,2b,para,leaning,False,,,pharma_paragraph,audit_recommendation,2b — leaning,qualified,qualified_page_evidence,retained_assignment_is_qualified,0.828125,pharma_paragraph,celestial_running,pharma_paragraph,,membership_20261008_recommended_leaf,False,False,37,True,0.23083942,,,,f88r,0.1361289,f101r,0.14685245,80.09868421052632,83.38815789473685,19,rankable,37,paragraph,0,pharma_paragraph,2b,audit_recommendation,leaning,Tentative support,pharma_paragraph,2b,para,leaning,False,,,pharma_paragraph,audit_recommendation,2b — leaning,qualified,qualified_page_evidence,retained_assignment_is_qualified,0.828125,pharma_paragraph,celestial_running,pharma_paragraph,,membership_20261008_recommended_leaf,False,False,57,True,0.19155261,,,,f102v2,0.13421804,f101r,0.13801105,87.15277777777779,92.53472222222221,18,rankable,57,all,0
f68r3,5 Celestial,I:67-68,,,,,,,,,,,,,,,,,,,,,,,,,,,,,,,,,,,,,,,,,,,,celestial_running,5a,audit_recommendation,leaning,Tentative support,celestial_running,5a,circle,leaning,False,,pharma_paragraph;celestial_running,celestial_running,audit_recommendation,5a — leaning,qualified,qualified_page_evidence,retained_assignment_is_qualified,0.828125,celestial_running,celestial_running,celestial_running,celestial_running,membership_20261008_recommended_leaf,False,False,89,False,0.14221082,0.8310949195004994,f114v,0.11819069,f114v,0.11819069,f66r,0.12325231,,,,not studied,,,
f68v3,5 Celestial,I:67-68,early_a_ch,1a,audit_recommendation,leaning,Tentative support,early_a_ch,1a,para,leaning,False,,early_a_ch;pharma_paragraph,early_a_ch,audit_recommendation,1a — leaning,qualified,qualified_page_evidence,retained_assignment_is_qualified,0.7265625,early_a_ch,celestial_running,early_a_ch,,membership_20261008_recommended_leaf,False,False,55,True,0.2447009,,,,f101r,0.12551257,f28v,0.12741917,68.75,69.24342105263158,19,rankable,55,paragraph,0,celestial_running,5a,previous_working_class_retained_audit_unresolved,uncertain_previous_class_retained,Unverified membership,,,circle,multi_profile_uncertain,False,,,celestial_running,previous_working_class_retained_audit_unresolved,5a — uncertain previous class retained,none,recommendation_withheld,no_audit_assignment;previous_class_retained_with_uncertainty;affinity_is_not_assignment,0.6328125,celestial_running,celestial_running,celestial_running,celestial_running,membership_20261008_recommended_leaf,False,False,165,False,0.1501869,0.6425706236695744,f69r,0.09650569,f69r,0.09650569,f89v1,0.10212731,,,,no qualifying sources,165,all,0
f68v2,5 Celestial,I:67-68,celestial_running,5a,previous_working_class_retained_audit_unresolved,uncertain_previous_class_retained,Unverified membership,,,para,multi_profile_uncertain,False,,,celestial_running,previous_working_class_retained_audit_unresolved,5a — uncertain previous class retained,none,recommendation_withheld,no_audit_assignment;previous_class_retained_with_uncertainty;affinity_is_not_assignment,0.4609375,herbal_b_e,celestial_running,herbal_b_e,,membership_20261008_recommended_leaf,False,False,44,True,0.26219687,,,,f88v,0.14887521,f57r,0.15127826,92.10526315789474,92.76315789473685,19,rankable,44,paragraph,0,celestial_running,5a,previous_working_class_retained_audit_unresolved,uncertain_previous_class_retained,Unverified membership,,,para,multi_profile_uncertain,False,,,celestial_running,previous_working_class_retained_audit_unresolved,5a — uncertain previous class retained,none,recommendation_withheld,no_audit_assignment;previous_class_retained_with_uncertainty;affinity_is_not_assignment,0.4609375,herbal_b_e,celestial_running,herbal_b_e,,membership_20261008_recommended_leaf,False,False,103,False,0.19629473,0.48905780608577726,f69r,0.09599947,f69r,0.09599947,f69v,0.10700375,3.125,56.25,1,limited references,103,all,0
f68v1,5 Celestial,I:67-68,,,,,,,,,,,,,,,,,,,,,,,,,,,,,,,,,,,,,,,,,,,,celestial_running,5a,audit_recommendation,leaning,Tentative support,celestial_running,5a,circle,leaning,False,,pharma_paragraph;celestial_running,celestial_running,audit_recommendation,5a — leaning,qualified,qualified_page_evidence,retained_assignment_is_qualified,0.90625,celestial_running,celestial_running,celestial_running,celestial_running,membership_20261008_recommended_leaf,False,False,96,False,0.18848392,0.5417408020800926,f72r3,0.10210943,f72r3,0.10210943,f69r,0.10804889,,,,not studied,,,
f69r,5 Celestial,J:69-70,celestial_running,5a,previous_working_class_retained_audit_unresolved,uncertain_previous_class_retained,Unverified membership,,,para,multi_profile_uncertain,False,,,celestial_running,previous_working_class_retained_audit_unresolved,5a — uncertain previous class retained,none,recommendation_withheld,no_audit_assignment;previous_class_retained_with_uncertainty;affinity_is_not_assignment,0.40625,f58,celestial_running,f58,,membership_20261008_recommended_leaf,False,False,36,True,0.21957394,,,,f86v5,0.12300537,f86v3,0.13871416,69.4078947368421,69.73684210526315,19,rankable,36,paragraph,0,celestial_running,5a,audit_recommendation,leaning,Tentative support,celestial_running,5a,radial,leaning,False,,,celestial_running,audit_recommendation,5a — leaning,qualified,qualified_page_evidence,retained_assignment_is_qualified,0.734375,celestial_running,celestial_running,celestial_running,celestial_running,membership_20261008_recommended_leaf,False,False,111,False,0.13073391,0.7343119317704182,f68v2,0.09599947,f68v2,0.09599947,f68v3,0.09650569,0.0,0.0,1,limited references,111,all,0
f69v,5 Celestial,J:69-70,,,,,,,,,,,,,,,,,,,,,,,,,,,,,,,,,,,,,,,,,,,,celestial_running,5a,audit_recommendation,secure,Strong support,celestial_running,5a,circle,secure,False,,,celestial_running,audit_recommendation,5a — secure,secure,independent_page_evidence,,0.9765625,celestial_running,celestial_running,celestial_running,celestial_running,membership_20261008_recommended_leaf,True,True,140,False,0.13043113,0.8203850568495419,f68v2,0.10700375,f68v2,0.10700375,f67r1,0.1116023,,,,not studied,,,
f70r1,5 Celestial,J:69-70,,,,,,,,,,,,,,,,,,,,,,,,,,,,,,,,,,,,,,,,,,,,celestial_running,5a,audit_recommendation,secure,Strong support,celestial_running,5a,circle,secure,False,,,celestial_running,audit_recommendation,5a — secure,secure,independent_page_evidence,,1.0,celestial_running,celestial_running,celestial_running,celestial_running,membership_20261008_recommended_leaf,True,True,111,False,0.1172657,0.8564340638396395,f73v,0.10043034,f73v,0.10043034,f72v2,0.10433846,,,,not studied,,,
f70r2,5 Celestial,J:69-70,celestial_running,5a,previous_working_class_retained_audit_unresolved,uncertain_previous_class_retained,Unverified membership,,,para,reference_limited,False,,,celestial_running,previous_working_class_retained_audit_unresolved,5a — uncertain previous class retained,none,recommendation_withheld,no_audit_assignment;previous_class_retained_with_uncertainty;affinity_is_not_assignment,1.0,f58,celestial_running,f58,,membership_20261008_recommended_leaf,False,False,101,False,0.14741158,0.7165702314567146,f58v,0.10563075,f58v,0.10563075,f58r,0.10651409,,,,not studied,,,,celestial_running,5a,audit_recommendation,secure,Strong support,celestial_running,5a,circle,secure,False,,,celestial_running,audit_recommendation,5a — secure,secure,independent_page_evidence,,1.0,celestial_running,celestial_running,celestial_running,celestial_running,membership_20261008_recommended_leaf,True,True,246,False,0.08664219,1.0448484739363122,f58r,0.09052796,f58r,0.09052796,f72r1,0.09073318,,,,not studied,,,
f70v2,5 Celestial,J:69-70,,,,,,,,,,,,,,,,,,,,,,,,,,,,,,,,,,,,,,,,,,,,celestial_running,5a,audit_recommendation,secure,Strong support,celestial_running,5a,circle,secure,False,,,celestial_running,audit_recommendation,5a — secure,secure,independent_page_evidence,,0.98828125,celestial_running,celestial_running,celestial_running,celestial_running,membership_20261008_recommended_leaf,True,True,95,False,0.13215126,0.6872800910108614,f72v2,0.09082493,f72v2,0.09082493,f72r1,0.09354667,,,,not studied,,,
f70v1,5 Celestial,J:69-70,,,,,,,,,,,,,,,,,,,,,,,,,,,,,,,,,,,,,,,,,,,,celestial_running,5a,audit_recommendation,secure,Strong support,celestial_running,5a,circle,secure,False,,,celestial_running,audit_recommendation,5a — secure,secure,independent_page_evidence,,0.99609375,celestial_running,celestial_running,celestial_running,celestial_running,membership_20261008_recommended_leaf,True,True,60,False,0.17629032,0.5450750217028365,f72r2,0.09609145,f72r2,0.09609145,f72r1,0.10654258,,,,not studied,,,
f71r,5 Celestial,K:71-72,,,,,,,,,,,,,,,,,,,,,,,,,,,,,,,,,,,,,,,,,,,,celestial_running,5a,audit_recommendation,secure,Strong support,celestial_running,5a,circle,secure,False,,,celestial_running,audit_recommendation,5a — secure,secure,independent_page_evidence,,0.9921875,celestial_running,celestial_running,celestial_running,celestial_running,membership_20261008_recommended_leaf,True,True,73,False,0.22704725,0.5051533546431415,f70v1,0.11469368,f70v1,0.11469368,f70r1,0.12066468,,,,not studied,,,
f71v,5 Celestial,K:71-72,,,,,,,,,,,,,,,,,,,,,,,,,,,,,,,,,,,,,,,,,,,,celestial_running,5a,audit_recommendation,leaning,Tentative support,celestial_running,5a,circle,leaning,False,,celestial_running;f58,celestial_running,audit_recommendation,5a — leaning,qualified,qualified_page_evidence,retained_assignment_is_qualified,0.78515625,celestial_running,celestial_running,celestial_running,celestial_running,membership_20261008_recommended_leaf,False,False,77,False,0.16813952,0.5871202677395535,f70v2,0.09871812,f70v2,0.09871812,f70r2,0.11323091,,,,not studied,,,
f72r1,5 Celestial,K:71-72,,,,,,,,,,,,,,,,,,,,,,,,,,,,,,,,,,,,,,,,,,,,celestial_running,5a,previous_working_class_retained_audit_unresolved,uncertain_previous_class_retained,Unverified membership,,,circle,two_profile_boundary,False,,celestial_running;f58,celestial_running,previous_working_class_retained_audit_unresolved,5a — uncertain previous class retained,none,recommendation_withheld,no_audit_assignment;previous_class_retained_with_uncertainty;affinity_is_not_assignment,0.62890625,celestial_running,celestial_running,celestial_running,celestial_running,membership_20261008_recommended_leaf,False,False,81,False,0.14323312,0.6334650812605352,f70r2,0.09073318,f70r2,0.09073318,f70v2,0.09354667,,,,not studied,,,
f72r2,5 Celestial,K:71-72,,,,,,,,,,,,,,,,,,,,,,,,,,,,,,,,,,,,,,,,,,,,celestial_running,5a,previous_working_class_retained_audit_unresolved,uncertain_previous_class_retained,Unverified membership,,,circle,two_profile_boundary,False,,celestial_running;f58,celestial_running,previous_working_class_retained_audit_unresolved,5a — uncertain previous class retained,none,recommendation_withheld,no_audit_assignment;previous_class_retained_with_uncertainty;affinity_is_not_assignment,0.6171875,celestial_running,celestial_running,celestial_running,celestial_running,membership_20261008_recommended_leaf,False,False,82,False,0.14057331,0.6835682392340338,f70v1,0.09609145,f70v1,0.09609145,f70v2,0.09617004,,,,not studied,,,
f72r3,5 Celestial,K:71-72,,,,,,,,,,,,,,,,,,,,,,,,,,,,,,,,,,,,,,,,,,,,celestial_running,5a,audit_recommendation,secure,Strong support,celestial_running,5a,circle,secure,False,,,celestial_running,audit_recommendation,5a — secure,secure,independent_page_evidence,,0.99609375,celestial_running,celestial_running,celestial_running,celestial_running,membership_20261008_recommended_leaf,True,True,122,False,0.12372932,0.8252646179579747,f68v1,0.10210943,f68v1,0.10210943,f70v2,0.10683519,,,,not studied,,,
f72v3,5 Celestial,K:71-72,,,,,,,,,,,,,,,,,,,,,,,,,,,,,,,,,,,,,,,,,,,,celestial_running,5a,audit_recommendation,secure,Strong support,celestial_running,5a,circle,secure,False,,,celestial_running,audit_recommendation,5a — secure,secure,independent_page_evidence,,0.9921875,celestial_running,celestial_running,celestial_running,celestial_running,membership_20261008_recommended_leaf,True,True,81,False,0.17334115,0.6807095141574866,f68v1,0.11799497,f68v1,0.11799497,f73v,0.12172793,,,,not studied,,,
f72v2,5 Celestial,K:71-72,,,,,,,,,,,,,,,,,,,,,,,,,,,,,,,,,,,,,,,,,,,,celestial_running,5a,audit_recommendation,secure,Strong support,celestial_running,5a,circle,secure,False,,,celestial_running,audit_recommendation,5a — secure,secure,independent_page_evidence,,0.9765625,celestial_running,celestial_running,celestial_running,celestial_running,membership_20261008_recommended_leaf,True,True,75,False,0.17199291,0.5280736862932315,f70v2,0.09082493,f70v2,0.09082493,f70r2,0.10221782,,,,not studied,,,
f72v1,5 Celestial,K:71-72,,,,,,,,,,,,,,,,,,,,,,,,,,,,,,,,,,,,,,,,,,,,celestial_running,5a,previous_working_class_retained_audit_unresolved,uncertain_previous_class_retained,Unverified membership,,,circle,multi_profile_uncertain,False,,,celestial_running,previous_working_class_retained_audit_unresolved,5a — uncertain previous class retained,none,recommendation_withheld,no_audit_assignment;previous_class_retained_with_uncertainty;affinity_is_not_assignment,0.46484375,zodiac_labels,celestial_running,zodiac_labels,celestial_running,membership_20261008_recommended_leaf,False,False,72,False,0.17086922,0.6267808210279183,f70v2,0.10709755,f70v2,0.10709755,f73v,0.1140731,,,,not studied,,,
f73r,5 Celestial,L:73-74,,,,,,,,,,,,,,,,,,,,,,,,,,,,,,,,,,,,,,,,,,,,celestial_running,5a,audit_recommendation,secure,Strong support,celestial_running,5a,circle,secure,False,,,celestial_running,audit_recommendation,5a — secure,secure,independent_page_evidence,,1.0,celestial_running,celestial_running,celestial_running,celestial_running,membership_20261008_recommended_leaf,True,True,65,False,0.22164142,0.5343266163878575,f70v2,0.11842891,f70v2,0.11842891,f72v1,0.12871768,,,,not studied,,,
f73v,5 Celestial,L:73-74,,,,,,,,,,,,,,,,,,,,,,,,,,,,,,,,,,,,,,,,,,,,celestial_running,5a,previous_working_class_retained_audit_unresolved,uncertain_previous_class_retained,Unverified membership,,,circle,two_profile_boundary,False,,herbal_b_e;celestial_running,celestial_running,previous_working_class_retained_audit_unresolved,5a — uncertain previous class retained,none,recommendation_withheld,no_audit_assignment;previous_class_retained_with_uncertainty;affinity_is_not_assignment,0.4921875,herbal_b_e,celestial_running,herbal_b_e,celestial_running,membership_20261008_recommended_leaf,False,False,68,False,0.14916518,0.6732827326055585,f70r1,0.10043034,f70r1,0.10043034,f43v,0.1042563,,,,not studied,,,
f75r,4 Bio,M:75-84,bio_paragraph,4a,audit_recommendation,secure,Strong support,bio_paragraph,4a,para,secure,False,,,bio_paragraph,audit_recommendation,4a — secure,secure,independent_page_evidence,,1.0,bio_paragraph,bio_paragraph,bio_paragraph,bio_paragraph,membership_20261008_recommended_leaf,True,True,418,False,0.04221659,1.121935239203356,f76r,0.04736428,f76r,0.04736428,f82v,0.04935598,,,,not studied,,,,bio_paragraph,4a,audit_recommendation,secure,Strong support,bio_paragraph,4a,para,secure,False,,,bio_paragraph,audit_recommendation,4a — secure,secure,independent_page_evidence,,1.0,bio_paragraph,bio_paragraph,bio_paragraph,bio_paragraph,membership_20261008_recommended_leaf,True,True,418,False,0.04221659,1.121935239203356,f76r,0.04736428,f76r,0.04736428,f82v,0.04935598,,,,not studied,,,
f75v,4 Bio,M:75-84,bio_paragraph,4a,audit_recommendation,secure,Strong support,bio_paragraph,4a,para,secure,False,,,bio_paragraph,audit_recommendation,4a — secure,secure,independent_page_evidence,,1.0,bio_paragraph,bio_paragraph,bio_paragraph,bio_paragraph,membership_20261008_recommended_leaf,True,True,323,False,0.05041649,0.8502059544406998,f82v,0.0428644,f82v,0.0428644,f80v,0.04441535,,,,not studied,,,,bio_paragraph,4a,audit_recommendation,secure,Strong support,bio_paragraph,4a,para,secure,False,,,bio_paragraph,audit_recommendation,4a — secure,secure,independent_page_evidence,,1.0,bio_paragraph,bio_paragraph,bio_paragraph,bio_paragraph,membership_20261008_recommended_leaf,True,True,323,False,0.05041649,0.8502059544406998,f82v,0.0428644,f82v,0.0428644,f80v,0.04441535,,,,not studied,,,
f76r,4 Bio,M:76-83,bio_paragraph,4a,audit_recommendation,secure,Strong support,bio_paragraph,4a,para,secure,False,,,bio_paragraph,audit_recommendation,4a — secure,secure,independent_page_evidence,,0.98046875,bio_paragraph,bio_paragraph,bio_paragraph,bio_paragraph,membership_20261008_recommended_leaf,True,True,561,False,0.04233726,1.007240666968056,f103r,0.04264381,f103r,0.04264381,f103v,0.04419387,,,,not studied,,,,bio_paragraph,4a,audit_recommendation,secure,Strong support,bio_paragraph,4a,para,secure,False,,,bio_paragraph,audit_recommendation,4a — secure,secure,independent_page_evidence,,0.98046875,bio_paragraph,bio_paragraph,bio_paragraph,bio_paragraph,membership_20261008_recommended_leaf,True,True,561,False,0.04233726,1.007240666968056,f103r,0.04264381,f103r,0.04264381,f103v,0.04419387,,,,not studied,,,
f76v,4 Bio,M:76-83,bio_paragraph,4a,audit_recommendation,secure,Strong support,bio_paragraph,4a,para,secure,False,,,bio_paragraph,audit_recommendation,4a — secure,secure,independent_page_evidence,,0.98046875,bio_paragraph,bio_paragraph,bio_paragraph,bio_paragraph,membership_20261008_recommended_leaf,True,True,399,False,0.04628312,1.0869176494583772,f82r,0.05030594,f82r,0.05030594,f77r,0.05104991,,,,not studied,,,,bio_paragraph,4a,audit_recommendation,secure,Strong support,bio_paragraph,4a,para,secure,False,,,bio_paragraph,audit_recommendation,4a — secure,secure,independent_page_evidence,,0.98046875,bio_paragraph,bio_paragraph,bio_paragraph,bio_paragraph,membership_20261008_recommended_leaf,True,True,399,False,0.04628312,1.0869176494583772,f82r,0.05030594,f82r,0.05030594,f77r,0.05104991,,,,not studied,,,
f77r,4 Bio,M:77-82,bio_paragraph,4a,audit_recommendation,secure,Strong support,bio_paragraph,4a,para,secure,False,,,bio_paragraph,audit_recommendation,4a — secure,secure,independent_page_evidence,,0.99609375,bio_paragraph,bio_paragraph,bio_paragraph,bio_paragraph,membership_20261008_recommended_leaf,True,True,321,False,0.05204471,0.980885665421135,f76v,0.05104991,f76v,0.05104991,f83v,0.05178576,,,,not studied,,,,bio_paragraph,4a,audit_recommendation,secure,Strong support,bio_paragraph,4a,para,secure,False,,,bio_paragraph,audit_recommendation,4a — secure,secure,independent_page_evidence,,0.99609375,bio_paragraph,bio_paragraph,bio_paragraph,bio_paragraph,membership_20261008_recommended_leaf,True,True,321,False,0.05204471,0.980885665421135,f76v,0.05104991,f76v,0.05104991,f83v,0.05178576,,,,not studied,,,
f77v,4 Bio,M:77-82,bio_paragraph,4a,audit_recommendation,secure,Strong support,bio_paragraph,4a,para,secure,False,,,bio_paragraph,audit_recommendation,4a — secure,secure,independent_page_evidence,,1.0,bio_paragraph,bio_paragraph,bio_paragraph,bio_paragraph,membership_20261008_recommended_leaf,True,True,321,False,0.06552536,0.7782893523973008,f83r,0.05099769,f83r,0.05099769,f75v,0.05223274,,,,not studied,,,,bio_paragraph,4a,audit_recommendation,secure,Strong support,bio_paragraph,4a,para,secure,False,,,bio_paragraph,audit_recommendation,4a — secure,secure,independent_page_evidence,,1.0,bio_paragraph,bio_paragraph,bio_paragraph,bio_paragraph,membership_20261008_recommended_leaf,True,True,321,False,0.06552536,0.7782893523973008,f83r,0.05099769,f83r,0.05099769,f75v,0.05223274,,,,not studied,,,
f78r,4 Bio,M:78-81,bio_paragraph,4a,audit_recommendation,secure,Strong support,bio_paragraph,4a,para,secure,False,,,bio_paragraph,audit_recommendation,4a — secure,secure,independent_page_evidence,,1.0,bio_paragraph,bio_paragraph,bio_paragraph,bio_paragraph,membership_20261008_recommended_leaf,True,True,290,False,0.05856461,0.679031415047415,f84v,0.03976721,f84v,0.03976721,f84r,0.04676603,,,,not studied,,,,bio_paragraph,4a,audit_recommendation,secure,Strong support,bio_paragraph,4a,para,secure,False,,,bio_paragraph,audit_recommendation,4a — secure,secure,independent_page_evidence,,1.0,bio_paragraph,bio_paragraph,bio_paragraph,bio_paragraph,membership_20261008_recommended_leaf,True,True,290,False,0.05856461,0.679031415047415,f84v,0.03976721,f84v,0.03976721,f84r,0.04676603,,,,not studied,,,
f78v,4 Bio,M:78-81,bio_paragraph,4a,audit_recommendation,secure,Strong support,bio_paragraph,4a,para,secure,False,,,bio_paragraph,audit_recommendation,4a — secure,secure,independent_page_evidence,,1.0,bio_paragraph,bio_paragraph,bio_paragraph,bio_paragraph,membership_20261008_recommended_leaf,True,True,295,False,0.06461862,0.6438636417800319,f84v,0.04160558,f84v,0.04160558,f76r,0.04751051,,,,not studied,,,,bio_paragraph,4a,audit_recommendation,secure,Strong support,bio_paragraph,4a,para,secure,False,,,bio_paragraph,audit_recommendation,4a — secure,secure,independent_page_evidence,,1.0,bio_paragraph,bio_paragraph,bio_paragraph,bio_paragraph,membership_20261008_recommended_leaf,True,True,295,False,0.06461862,0.6438636417800319,f84v,0.04160558,f84v,0.04160558,f76r,0.04751051,,,,not studied,,,
f79r,4 Bio,M:79-80,bio_paragraph,4a,audit_recommendation,leaning,Tentative support,bio_paragraph,4a,para,leaning,False,4ac,stars_s;bio_paragraph,bio_paragraph,audit_recommendation,4a — leaning,qualified,qualified_page_evidence,retained_assignment_is_qualified,0.91796875,bio_paragraph,bio_paragraph,bio_paragraph,bio_paragraph,membership_20261008_recommended_leaf,False,False,382,False,0.05028238,0.9385299582080243,f103v,0.04719152,f103v,0.04719152,f103r,0.04928991,,,,not studied,,,,bio_paragraph,4a,audit_recommendation,leaning,Tentative support,bio_paragraph,4a,para,leaning,False,4ac,stars_s;bio_paragraph,bio_paragraph,audit_recommendation,4a — leaning,qualified,qualified_page_evidence,retained_assignment_is_qualified,0.91796875,bio_paragraph,bio_paragraph,bio_paragraph,bio_paragraph,membership_20261008_recommended_leaf,False,False,382,False,0.05028238,0.9385299582080243,f103v,0.04719152,f103v,0.04719152,f103r,0.04928991,,,,not studied,,,
f79v,4 Bio,M:79-80,bio_paragraph,4a,audit_recommendation,secure,Strong support,bio_paragraph,4a,para,secure,False,,,bio_paragraph,audit_recommendation,4a — secure,secure,independent_page_evidence,,0.953125,bio_paragraph,bio_paragraph,bio_paragraph,bio_paragraph,membership_20261008_recommended_leaf,True,True,355,False,0.06333737,0.7676397046482984,f75v,0.04862028,f75v,0.04862028,f103v,0.05039733,,,,not studied,,,,bio_paragraph,4a,audit_recommendation,secure,Strong support,bio_paragraph,4a,para,secure,False,,,bio_paragraph,audit_recommendation,4a — secure,secure,independent_page_evidence,,0.953125,bio_paragraph,bio_paragraph,bio_paragraph,bio_paragraph,membership_20261008_recommended_leaf,True,True,355,False,0.06333737,0.7676397046482984,f75v,0.04862028,f75v,0.04862028,f103v,0.05039733,,,,not studied,,,
f80r,4 Bio,M:79-80,bio_paragraph,4a,audit_recommendation,secure,Strong support,bio_paragraph,4a,para,secure,False,,,bio_paragraph,audit_recommendation,4a — secure,secure,independent_page_evidence,,1.0,bio_paragraph,bio_paragraph,bio_paragraph,bio_paragraph,membership_20261008_recommended_leaf,True,True,435,False,0.05011709,1.0696131798554145,f82v,0.0536059,f82v,0.0536059,f75v,0.05598958,,,,not studied,,,,bio_paragraph,4a,audit_recommendation,secure,Strong support,bio_paragraph,4a,para,secure,False,,,bio_paragraph,audit_recommendation,4a — secure,secure,independent_page_evidence,,1.0,bio_paragraph,bio_paragraph,bio_paragraph,bio_paragraph,membership_20261008_recommended_leaf,True,True,435,False,0.05011709,1.0696131798554145,f82v,0.0536059,f82v,0.0536059,f75v,0.05598958,,,,not studied,,,
f80v,4 Bio,M:79-80,bio_paragraph,4a,audit_recommendation,secure,Strong support,bio_paragraph,4a,para,secure,False,,,bio_paragraph,audit_recommendation,4a — secure,secure,independent_page_evidence,,1.0,bio_paragraph,bio_paragraph,bio_paragraph,bio_paragraph,membership_20261008_recommended_leaf,True,True,376,False,0.04932969,0.9003776427542926,f75v,0.04441535,f75v,0.04441535,f82v,0.04546287,,,,not studied,,,,bio_paragraph,4a,audit_recommendation,secure,Strong support,bio_paragraph,4a,para,secure,False,,,bio_paragraph,audit_recommendation,4a — secure,secure,independent_page_evidence,,1.0,bio_paragraph,bio_paragraph,bio_paragraph,bio_paragraph,membership_20261008_recommended_leaf,True,True,376,False,0.04932969,0.9003776427542926,f75v,0.04441535,f75v,0.04441535,f82v,0.04546287,,,,not studied,,,
f81r,4 Bio,M:78-81,bio_paragraph,4a,audit_recommendation,secure,Strong support,bio_paragraph,4a,para,secure,False,,,bio_paragraph,audit_recommendation,4a — secure,secure,independent_page_evidence,,1.0,bio_paragraph,bio_paragraph,bio_paragraph,bio_paragraph,membership_20261008_recommended_leaf,True,True,210,False,0.07730751,0.6889566097782739,f84v,0.05326152,f84v,0.05326152,f76r,0.0535936,,,,not studied,,,,bio_paragraph,4a,audit_recommendation,secure,Strong support,bio_paragraph,4a,para,secure,False,,,bio_paragraph,audit_recommendation,4a — secure,secure,independent_page_evidence,,1.0,bio_paragraph,bio_paragraph,bio_paragraph,bio_paragraph,membership_20261008_recommended_leaf,True,True,210,False,0.07730751,0.6889566097782739,f84v,0.05326152,f84v,0.05326152,f76r,0.0535936,,,,not studied,,,
f81v,4 Bio,M:78-81,bio_paragraph,4a,audit_recommendation,secure,Strong support,bio_paragraph,4a,para,secure,False,,,bio_paragraph,audit_recommendation,4a — secure,secure,independent_page_evidence,,1.0,bio_paragraph,bio_paragraph,bio_paragraph,bio_paragraph,membership_20261008_recommended_leaf,True,True,252,False,0.07699896,0.6242366130659427,f75v,0.04806557,f75v,0.04806557,f84v,0.0487134,,,,not studied,,,,bio_paragraph,4a,audit_recommendation,secure,Strong support,bio_paragraph,4a,para,secure,False,,,bio_paragraph,audit_recommendation,4a — secure,secure,independent_page_evidence,,1.0,bio_paragraph,bio_paragraph,bio_paragraph,bio_paragraph,membership_20261008_recommended_leaf,True,True,252,False,0.07699896,0.6242366130659427,f75v,0.04806557,f75v,0.04806557,f84v,0.0487134,,,,not studied,,,
f82r,4 Bio,M:77-82,bio_paragraph,4a,audit_recommendation,leaning,Tentative support,bio_paragraph,4a,para,leaning,False,4ac,stars_s;bio_paragraph,bio_paragraph,audit_recommendation,4a — leaning,qualified,qualified_page_evidence,retained_assignment_is_qualified,0.890625,bio_paragraph,bio_paragraph,bio_paragraph,bio_paragraph,membership_20261008_recommended_leaf,False,False,278,False,0.0686686,0.732590150374407,f76v,0.05030594,f76v,0.05030594,f108v,0.05430201,,,,not studied,,,,bio_paragraph,4a,audit_recommendation,leaning,Tentative support,bio_paragraph,4a,para,leaning,False,4ac,stars_s;bio_paragraph,bio_paragraph,audit_recommendation,4a — leaning,qualified,qualified_page_evidence,retained_assignment_is_qualified,0.890625,bio_paragraph,bio_paragraph,bio_paragraph,bio_paragraph,membership_20261008_recommended_leaf,False,False,278,False,0.0686686,0.732590150374407,f76v,0.05030594,f76v,0.05030594,f108v,0.05430201,,,,not studied,,,
f82v,4 Bio,M:77-82,bio_paragraph,4a,audit_recommendation,secure,Strong support,bio_paragraph,4a,para,secure,False,,,bio_paragraph,audit_recommendation,4a — secure,secure,independent_page_evidence,,1.0,bio_paragraph,bio_paragraph,bio_paragraph,bio_paragraph,membership_20261008_recommended_leaf,True,True,306,False,0.05517695,0.7480241296410911,f83v,0.04127369,f83v,0.04127369,f75v,0.0428644,,,,not studied,,,,bio_paragraph,4a,audit_recommendation,secure,Strong support,bio_paragraph,4a,para,secure,False,,,bio_paragraph,audit_recommendation,4a — secure,secure,independent_page_evidence,,1.0,bio_paragraph,bio_paragraph,bio_paragraph,bio_paragraph,membership_20261008_recommended_leaf,True,True,306,False,0.05517695,0.7480241296410911,f83v,0.04127369,f83v,0.04127369,f75v,0.0428644,,,,not studied,,,
f83r,4 Bio,M:76-83,bio_paragraph,4a,audit_recommendation,secure,Strong support,bio_paragraph,4a,para,secure,False,,,bio_paragraph,audit_recommendation,4a — secure,secure,independent_page_evidence,,1.0,bio_paragraph,bio_paragraph,bio_paragraph,bio_paragraph,membership_20261008_recommended_leaf,True,True,340,False,0.0645467,0.7900898109430846,f77v,0.05099769,f77v,0.05099769,f82r,0.05489049,,,,not studied,,,,bio_paragraph,4a,audit_recommendation,secure,Strong support,bio_paragraph,4a,para,secure,False,,,bio_paragraph,audit_recommendation,4a — secure,secure,independent_page_evidence,,1.0,bio_paragraph,bio_paragraph,bio_paragraph,bio_paragraph,membership_20261008_recommended_leaf,True,True,340,False,0.0645467,0.7900898109430846,f77v,0.05099769,f77v,0.05099769,f82r,0.05489049,,,,not studied,,,
f83v,4 Bio,M:76-83,bio_paragraph,4a,audit_recommendation,secure,Strong support,bio_paragraph,4a,para,secure,False,,,bio_paragraph,audit_recommendation,4a — secure,secure,independent_page_evidence,,0.99609375,bio_paragraph,bio_paragraph,bio_paragraph,bio_paragraph,membership_20261008_recommended_leaf,True,True,255,False,0.06122271,0.6741565343971216,f82v,0.04127369,f82v,0.04127369,f77r,0.05178576,,,,not studied,,,,bio_paragraph,4a,audit_recommendation,secure,Strong support,bio_paragraph,4a,para,secure,False,,,bio_paragraph,audit_recommendation,4a — secure,secure,independent_page_evidence,,0.99609375,bio_paragraph,bio_paragraph,bio_paragraph,bio_paragraph,membership_20261008_recommended_leaf,True,True,255,False,0.06122271,0.6741565343971216,f82v,0.04127369,f82v,0.04127369,f77r,0.05178576,,,,not studied,,,
f84r,4 Bio,M:75-84,bio_paragraph,4a,audit_recommendation,secure,Strong support,bio_paragraph,4a,para,secure,False,,,bio_paragraph,audit_recommendation,4a — secure,secure,independent_page_evidence,,1.0,bio_paragraph,bio_paragraph,bio_paragraph,bio_paragraph,membership_20261008_recommended_leaf,True,True,354,False,0.05041608,0.9276014715939834,f78r,0.04676603,f78r,0.04676603,f76r,0.04843174,,,,not studied,,,,bio_paragraph,4a,audit_recommendation,secure,Strong support,bio_paragraph,4a,para,secure,False,,,bio_paragraph,audit_recommendation,4a — secure,secure,independent_page_evidence,,1.0,bio_paragraph,bio_paragraph,bio_paragraph,bio_paragraph,membership_20261008_recommended_leaf,True,True,354,False,0.05041608,0.9276014715939834,f78r,0.04676603,f78r,0.04676603,f76r,0.04843174,,,,not studied,,,
f84v,4 Bio,M:75-84,bio_paragraph,4a,audit_recommendation,secure,Strong support,bio_paragraph,4a,para,secure,False,,,bio_paragraph,audit_recommendation,4a — secure,secure,independent_page_evidence,,1.0,bio_paragraph,bio_paragraph,bio_paragraph,bio_paragraph,membership_20261008_recommended_leaf,True,True,341,False,0.04409146,0.9019254522304319,f78r,0.03976721,f78r,0.03976721,f78v,0.04160558,,,,not studied,,,,bio_paragraph,4a,audit_recommendation,secure,Strong support,bio_paragraph,4a,para,secure,False,,,bio_paragraph,audit_recommendation,4a — secure,secure,independent_page_evidence,,1.0,bio_paragraph,bio_paragraph,bio_paragraph,bio_paragraph,membership_20261008_recommended_leaf,True,True,341,False,0.04409146,0.9019254522304319,f78r,0.03976721,f78r,0.03976721,f78v,0.04160558,,,,not studied,,,
f85r1,3a Herbal B,N:85-86,,,no_established_working_class,unresolved,Unassigned,,,para,multi_profile_uncertain,False,,,,no_established_working_class,No established working class,none,recommendation_withheld,no_audit_assignment;affinity_is_not_assignment,0.48828125,stars_t,,stars_t,,membership_20261008_recommended_leaf,False,False,347,False,0.06419907,0.9336867340913194,f106v,0.05994182,f106v,0.05994182,f104r,0.0607504,,,,not studied,,,,,,no_established_working_class,unresolved,Unassigned,,,para,multi_profile_uncertain,False,,,,no_established_working_class,No established working class,none,recommendation_withheld,no_audit_assignment;affinity_is_not_assignment,0.48828125,stars_t,,stars_t,,membership_20261008_recommended_leaf,False,False,347,False,0.06419907,0.9336867340913194,f106v,0.05994182,f106v,0.05994182,f104r,0.0607504,,,,not studied,,,
f85r2,3a Herbal B,N:85-86,,,no_established_working_class,unresolved,Unassigned,,,para,multi_profile_uncertain,False,,,,no_established_working_class,No established working class,none,recommendation_withheld,no_audit_assignment;affinity_is_not_assignment,0.41796875,stars_t,,stars_t,,membership_20261008_recommended_leaf,False,False,107,False,0.13165894,0.6467575236440457,f106r,0.08515141,f106r,0.08515141,f104v,0.08826999,,,,not studied,,,,,,no_established_working_class,unresolved,Unassigned,,,para,multi_profile_uncertain,False,,,,no_established_working_class,No established working class,none,recommendation_withheld,no_audit_assignment;affinity_is_not_assignment,0.41796875,stars_t,,stars_t,,membership_20261008_recommended_leaf,False,False,155,False,0.11101079,0.7821001904409473,f104r,0.08682156,f104r,0.08682156,f106r,0.09218112,,,,not studied,,,
fRos,5 Celestial,N:85-86,celestial_running,5a,previous_working_class_retained_audit_unresolved,uncertain_previous_class_retained,Unverified membership,,,para,multi_profile_uncertain,False,,,celestial_running,previous_working_class_retained_audit_unresolved,5a — uncertain previous class retained,none,recommendation_withheld,no_audit_assignment;previous_class_retained_with_uncertainty;affinity_is_not_assignment,0.1953125,herbal_b_e,celestial_running,herbal_b_e,,membership_20261008_recommended_leaf,False,False,37,True,0.22447262,,,,f40v,0.13619712,f104r,0.13729699,64.47368421052632,64.63815789473685,19,rankable,37,paragraph,0,rosette_circle,3d-c,audit_recommendation,reference_limited,Unverified membership,rosette_circle,3d-c,circle,reference_limited,False,,,rosette_circle,audit_recommendation,3d-c — reference limited (retained reference),qualified,reference_retained_without_independent_own_reference,affinity_is_not_assignment;own_reference_not_independently_testable;retained_assignment_is_qualified,0.90234375,herbal_b_a,rosette_circle,herbal_b_a,rosette_circle,membership_20261008_recommended_leaf,False,False,378,False,0.06529749,1.447265277731196,f113v,0.09450279,f113v,0.09450279,f105v,0.09620031,,,,no qualifying sources,378,all,0
f86v4,3a Herbal B,N:85-86,pharma_paragraph,2b,audit_recommendation,leaning,Tentative support,pharma_paragraph,2b,para,leaning,False,,,pharma_paragraph,audit_recommendation,2b — leaning,qualified,qualified_page_evidence,retained_assignment_is_qualified,0.76171875,pharma_paragraph,herbal_b_a,pharma_paragraph,,membership_20261008_recommended_leaf,False,False,48,True,0.16404293,,,,f31r,0.12711381,f31v,0.12899122,65.78947368421053,67.43421052631578,19,rankable,48,paragraph,0,herbal_b_e,3b,audit_recommendation,leaning,Tentative support,herbal_b_e,3b,circle,leaning,False,,,herbal_b_e,audit_recommendation,3b — leaning,qualified,qualified_page_evidence,retained_assignment_is_qualified,0.8125,herbal_b_e,,herbal_b_e,,membership_20261008_recommended_leaf,False,False,187,False,0.12588574,0.6962331078960969,f105r,0.08764582,f105r,0.08764582,f114r,0.08891765,,,,no qualifying sources,187,all,0
f86v6,3a Herbal B,N:85-86,,,no_established_working_class,unresolved,Unassigned,,,para,two_profile_boundary,True,3ac,herbal_b_a;stars_t,,no_established_working_class,No established working class,none,recommendation_withheld,no_audit_assignment;affinity_is_not_assignment;intermediate_candidate_not_confirmed,0.52734375,stars_t,,stars_t,,membership_20261008_recommended_leaf,False,False,490,False,0.04838323,1.0269425997396207,f104r,0.0496868,f104r,0.0496868,f106v,0.05377393,,,,not studied,,,,,,no_established_working_class,unresolved,Unassigned,,,para,two_profile_boundary,True,3ac,herbal_b_a;stars_t,,no_established_working_class,No established working class,none,recommendation_withheld,no_audit_assignment;affinity_is_not_assignment;intermediate_candidate_not_confirmed,0.52734375,stars_t,,stars_t,,membership_20261008_recommended_leaf,False,False,490,False,0.04838323,1.0269425997396207,f104r,0.0496868,f104r,0.0496868,f106v,0.05377393,,,,not studied,,,
f86v5,3a Herbal B,N:85-86,herbal_b_a,3a,previous_working_class_retained_audit_unresolved,uncertain_previous_class_retained,Unverified membership,,,para,atypical,False,,,herbal_b_a,previous_working_class_retained_audit_unresolved,3a — uncertain previous class retained,none,recommendation_withheld,no_audit_assignment;previous_class_retained_with_uncertainty;affinity_is_not_assignment;atypical_fit_not_new_leaf,0.765625,stars_t,herbal_b_a,stars_t,,membership_20261008_recommended_leaf,False,False,389,False,0.04827383,1.3143765472928086,f106v,0.06344999,f106v,0.06344999,f107r,0.071621,,,,not studied,,,,herbal_b_a,3a,previous_working_class_retained_audit_unresolved,uncertain_previous_class_retained,Unverified membership,,,para,atypical,False,,,herbal_b_a,previous_working_class_retained_audit_unresolved,3a — uncertain previous class retained,none,recommendation_withheld,no_audit_assignment;previous_class_retained_with_uncertainty;affinity_is_not_assignment;atypical_fit_not_new_leaf,0.765625,stars_t,herbal_b_a,stars_t,,membership_20261008_recommended_leaf,False,False,389,False,0.04827383,1.3143765472928086,f106v,0.06344999,f106v,0.06344999,f107r,0.071621,,,,not studied,,,
f86v3,3a Herbal B,N:85-86,stars_t,3c,audit_recommendation,secure,Strong support,stars_t,3c,para,secure,False,,,stars_t,audit_recommendation,3c — secure,secure,independent_page_evidence,,0.984375,stars_t,,stars_t,,membership_20261008_recommended_leaf,True,True,280,False,0.08455593,0.8223284871918505,f104v,0.06953275,f104v,0.06953275,f114r,0.0727532,,,,not studied,,,,stars_t,3c,audit_recommendation,secure,Strong support,stars_t,3c,para,secure,False,,,stars_t,audit_recommendation,3c — secure,secure,independent_page_evidence,,0.984375,stars_t,,stars_t,,membership_20261008_recommended_leaf,True,True,280,False,0.08455593,0.8223284871918505,f104v,0.06953275,f104v,0.06953275,f114r,0.0727532,,,,not studied,,,
f87r,2 Late A + Pharma,O:87-90,late_a_herbal,2a,audit_recommendation,leaning,Tentative support,late_a_herbal,2a,para,leaning,False,2ab,late_a_herbal;pharma_paragraph,late_a_herbal,audit_recommendation,2a — leaning,qualified,qualified_page_evidence,retained_assignment_is_qualified,0.77734375,late_a_herbal,late_a_herbal,late_a_herbal,late_a_herbal,membership_20261008_recommended_leaf,False,False,102,False,0.15552684,0.6625412694040462,f96r,0.10304295,f96r,0.10304295,f52v,0.12462732,,,,not studied,,,,late_a_herbal,2a,audit_recommendation,leaning,Tentative support,late_a_herbal,2a,para,leaning,False,2ab,late_a_herbal;pharma_paragraph,late_a_herbal,audit_recommendation,2a — leaning,qualified,qualified_page_evidence,retained_assignment_is_qualified,0.77734375,late_a_herbal,late_a_herbal,late_a_herbal,late_a_herbal,membership_20261008_recommended_leaf,False,False,102,False,0.15552684,0.6625412694040462,f96r,0.10304295,f96r,0.10304295,f52v,0.12462732,,,,not studied,,,
f87v,2 Late A + Pharma,O:87-90,pharma_paragraph,2b,audit_recommendation,leaning,Tentative support,pharma_paragraph,2b,para,leaning,False,2ab,late_a_herbal;pharma_paragraph,pharma_paragraph,audit_recommendation,2b — leaning,qualified,qualified_page_evidence,retained_assignment_is_qualified,0.80859375,pharma_paragraph,late_a_herbal,pharma_paragraph,late_a_herbal,membership_20261008_recommended_leaf,False,False,92,False,0.19356304,0.603983539419509,f101v,0.11690889,f101v,0.11690889,f89r2,0.11841323,,,,not studied,,,,pharma_paragraph,2b,audit_recommendation,leaning,Tentative support,pharma_paragraph,2b,para,leaning,False,2ab,late_a_herbal;pharma_paragraph,pharma_paragraph,audit_recommendation,2b — leaning,qualified,qualified_page_evidence,retained_assignment_is_qualified,0.80859375,pharma_paragraph,late_a_herbal,pharma_paragraph,late_a_herbal,membership_20261008_recommended_leaf,False,False,92,False,0.19356304,0.603983539419509,f101v,0.11690889,f101v,0.11690889,f89r2,0.11841323,,,,not studied,,,
f88r,2 Late A + Pharma,O:88-89,pharma_paragraph,2b,audit_recommendation,secure,Strong support,pharma_paragraph,2b,para,secure,False,,,pharma_paragraph,audit_recommendation,2b — secure,secure,independent_page_evidence,,0.99609375,pharma_paragraph,pharma_paragraph,pharma_paragraph,pharma_paragraph,membership_20261008_recommended_leaf,True,True,134,False,0.10150856,0.9280772971264689,f99r,0.09420779,f99r,0.09420779,f17v,0.09834161,,,,not studied,,,,pharma_paragraph,2b,audit_recommendation,secure,Strong support,pharma_paragraph,2b,para,secure,False,,,pharma_paragraph,audit_recommendation,2b — secure,secure,independent_page_evidence,,0.99609375,pharma_paragraph,pharma_paragraph,pharma_paragraph,pharma_paragraph,membership_20261008_recommended_leaf,True,True,134,False,0.10150856,0.9280772971264689,f99r,0.09420779,f99r,0.09420779,f17v,0.09834161,,,,not studied,,,
f88v,2 Late A + Pharma,O:88-89,pharma_paragraph,2b,audit_recommendation,secure,Strong support,pharma_paragraph,2b,para,secure,False,,,pharma_paragraph,audit_recommendation,2b — secure,secure,independent_page_evidence,,0.9921875,pharma_paragraph,pharma_paragraph,pharma_paragraph,pharma_paragraph,membership_20261008_recommended_leaf,True,True,131,False,0.09868304,0.9642689361819416,f101v,0.09515699,f101v,0.09515699,f66r,0.09709508,,,,not studied,,,,pharma_paragraph,2b,audit_recommendation,secure,Strong support,pharma_paragraph,2b,para,secure,False,,,pharma_paragraph,audit_recommendation,2b — secure,secure,independent_page_evidence,,0.9921875,pharma_paragraph,pharma_paragraph,pharma_paragraph,pharma_paragraph,membership_20261008_recommended_leaf,True,True,131,False,0.09868304,0.9642689361819416,f101v,0.09515699,f101v,0.09515699,f66r,0.09709508,,,,not studied,,,
f89r1,2 Late A + Pharma,O:88-89,pharma_paragraph,2b,previous_working_class_retained_audit_unresolved,uncertain_previous_class_retained,Unverified membership,,,para,multi_profile_uncertain,False,,,pharma_paragraph,previous_working_class_retained_audit_unresolved,2b — uncertain previous class retained,none,recommendation_withheld,no_audit_assignment;previous_class_retained_with_uncertainty;affinity_is_not_assignment,0.2421875,late_a_herbal,pharma_paragraph,late_a_herbal,pharma_paragraph,membership_20261008_recommended_leaf,False,False,126,False,0.14412923,0.7193923120244241,f54v,0.10368546,f54v,0.10368546,f51v,0.10579039,,,,not studied,,,,pharma_paragraph,2b,previous_working_class_retained_audit_unresolved,uncertain_previous_class_retained,Unverified membership,,,para,multi_profile_uncertain,False,,,pharma_paragraph,previous_working_class_retained_audit_unresolved,2b — uncertain previous class retained,none,recommendation_withheld,no_audit_assignment;previous_class_retained_with_uncertainty;affinity_is_not_assignment,0.2421875,late_a_herbal,pharma_paragraph,late_a_herbal,pharma_paragraph,membership_20261008_recommended_leaf,False,False,126,False,0.14412923,0.7193923120244241,f54v,0.10368546,f54v,0.10368546,f51v,0.10579039,,,,not studied,,,
f89r2,2 Late A + Pharma,O:88-89,pharma_paragraph,2b,audit_recommendation,secure,Strong support,pharma_paragraph,2b,para,secure,False,,,pharma_paragraph,audit_recommendation,2b — secure,secure,independent_page_evidence,,1.0,pharma_paragraph,pharma_paragraph,pharma_paragraph,pharma_paragraph,membership_20261008_recommended_leaf,True,True,211,False,0.09482096,0.6997635332947484,f101v,0.06635225,f101v,0.06635225,f101r,0.07129388,,,,not studied,,,,pharma_paragraph,2b,audit_recommendation,secure,Strong support,pharma_paragraph,2b,para,secure,False,,,pharma_paragraph,audit_recommendation,2b — secure,secure,independent_page_evidence,,1.0,pharma_paragraph,pharma_paragraph,pharma_paragraph,pharma_paragraph,membership_20261008_recommended_leaf,True,True,211,False,0.09482096,0.6997635332947484,f101v,0.06635225,f101v,0.06635225,f101r,0.07129388,,,,not studied,,,
f89v2,2 Late A + Pharma,O:88-89,pharma_paragraph,2b,audit_recommendation,leaning,Tentative support,pharma_paragraph,2b,para,leaning,False,,early_a_y;pharma_paragraph,pharma_paragraph,audit_recommendation,2b — leaning,qualified,qualified_page_evidence,retained_assignment_is_qualified,0.875,pharma_paragraph,pharma_paragraph,pharma_paragraph,pharma_paragraph,membership_20261008_recommended_leaf,False,False,164,False,0.12171178,0.8209548820993333,f101v,0.09991988,f101v,0.09991988,f17v,0.1091477,,,,not studied,,,,pharma_paragraph,2b,audit_recommendation,leaning,Tentative support,pharma_paragraph,2b,para,leaning,False,,early_a_y;pharma_paragraph,pharma_paragraph,audit_recommendation,2b — leaning,qualified,qualified_page_evidence,retained_assignment_is_qualified,0.875,pharma_paragraph,pharma_paragraph,pharma_paragraph,pharma_paragraph,membership_20261008_recommended_leaf,False,False,164,False,0.12171178,0.8209548820993333,f101v,0.09991988,f101v,0.09991988,f17v,0.1091477,,,,not studied,,,
f89v1,2 Late A + Pharma,O:88-89,pharma_paragraph,2b,previous_working_class_retained_audit_unresolved,uncertain_previous_class_retained,Unverified membership,,,para,multi_profile_uncertain,False,,,pharma_paragraph,previous_working_class_retained_audit_unresolved,2b — uncertain previous class retained,none,recommendation_withheld,no_audit_assignment;previous_class_retained_with_uncertainty;affinity_is_not_assignment,0.5859375,pharma_paragraph,pharma_paragraph,pharma_paragraph,pharma_paragraph,membership_20261008_recommended_leaf,False,False,145,False,0.1291738,0.6999652406292917,f101v,0.09041717,f101v,0.09041717,f58v,0.09044763,,,,not studied,,,,pharma_paragraph,2b,previous_working_class_retained_audit_unresolved,uncertain_previous_class_retained,Unverified membership,,,para,multi_profile_uncertain,False,,,pharma_paragraph,previous_working_class_retained_audit_unresolved,2b — uncertain previous class retained,none,recommendation_withheld,no_audit_assignment;previous_class_retained_with_uncertainty;affinity_is_not_assignment,0.5859375,pharma_paragraph,pharma_paragraph,pharma_paragraph,pharma_paragraph,membership_20261008_recommended_leaf,False,False,145,False,0.1291738,0.6999652406292917,f101v,0.09041717,f101v,0.09041717,f58v,0.09044763,,,,not studied,,,
f90r1,2 Late A + Pharma,O:87-90,late_a_herbal,2a,previous_working_class_retained_audit_unresolved,uncertain_previous_class_retained,Unverified membership,,,para,multi_profile_uncertain,False,,,late_a_herbal,previous_working_class_retained_audit_unresolved,2a — uncertain previous class retained,none,recommendation_withheld,no_audit_assignment;previous_class_retained_with_uncertainty;affinity_is_not_assignment,0.35546875,early_a_y,late_a_herbal,early_a_y,late_a_herbal,membership_20261008_recommended_leaf,False,False,69,False,0.19206711,0.6083382001218219,f93r,0.11684176,f93r,0.11684176,f51v,0.12289978,,,,not studied,,,,late_a_herbal,2a,previous_working_class_retained_audit_unresolved,uncertain_previous_class_retained,Unverified membership,,,para,multi_profile_uncertain,False,,,late_a_herbal,previous_working_class_retained_audit_unresolved,2a — uncertain previous class retained,none,recommendation_withheld,no_audit_assignment;previous_class_retained_with_uncertainty;affinity_is_not_assignment,0.35546875,early_a_y,late_a_herbal,early_a_y,late_a_herbal,membership_20261008_recommended_leaf,False,False,69,False,0.19206711,0.6083382001218219,f93r,0.11684176,f93r,0.11684176,f51v,0.12289978,,,,not studied,,,
f90r2,2 Late A + Pharma,O:87-90,pharma_paragraph,2b,audit_recommendation,secure,Strong support,pharma_paragraph,2b,para,secure,False,,,pharma_paragraph,audit_recommendation,2b — secure,secure,independent_page_evidence,,1.0,pharma_paragraph,pharma_paragraph,pharma_paragraph,,membership_20261008_recommended_leaf,True,True,47,True,0.20234019,,,,f89r2,0.12859722,f101v,0.12895594,60.526315789473685,63.32236842105263,19,rankable,47,paragraph,0,pharma_paragraph,2b,audit_recommendation,secure,Strong support,pharma_paragraph,2b,para,secure,False,,,pharma_paragraph,audit_recommendation,2b — secure,secure,independent_page_evidence,,1.0,pharma_paragraph,pharma_paragraph,pharma_paragraph,,membership_20261008_recommended_leaf,True,True,47,True,0.20234019,,,,f89r2,0.12859722,f101v,0.12895594,,,,not studied,,,
f90v2,2 Late A + Pharma,O:87-90,late_a_herbal,2a,previous_working_class_retained_audit_unresolved,uncertain_previous_class_retained,Unverified membership,,,para,two_profile_boundary,False,2ab,late_a_herbal;pharma_paragraph,late_a_herbal,previous_working_class_retained_audit_unresolved,2a — uncertain previous class retained,none,recommendation_withheld,no_audit_assignment;previous_class_retained_with_uncertainty;affinity_is_not_assignment,0.59765625,late_a_herbal,late_a_herbal,late_a_herbal,late_a_herbal,membership_20261008_recommended_leaf,False,False,67,False,0.16110526,0.8574673477451946,f96r,0.1381425,f96r,0.1381425,f93v,0.14402811,,,,not studied,,,,late_a_herbal,2a,previous_working_class_retained_audit_unresolved,uncertain_previous_class_retained,Unverified membership,,,para,two_profile_boundary,False,2ab,late_a_herbal;pharma_paragraph,late_a_herbal,previous_working_class_retained_audit_unresolved,2a — uncertain previous class retained,none,recommendation_withheld,no_audit_assignment;previous_class_retained_with_uncertainty;affinity_is_not_assignment,0.59765625,late_a_herbal,late_a_herbal,late_a_herbal,late_a_herbal,membership_20261008_recommended_leaf,False,False,67,False,0.16110526,0.8574673477451946,f96r,0.1381425,f96r,0.1381425,f93v,0.14402811,,,,not studied,,,
f90v1,2 Late A + Pharma,O:87-90,pharma_paragraph,2b,audit_recommendation,secure,Strong support,pharma_paragraph,2b,para,secure,False,,,pharma_paragraph,audit_recommendation,2b — secure,secure,independent_page_evidence,,1.0,pharma_paragraph,pharma_paragraph,pharma_paragraph,pharma_paragraph,membership_20261008_recommended_leaf,True,True,96,False,0.13784223,0.6650252248530801,f101v,0.09166856,f101v,0.09166856,f102v1,0.09326063,,,,not studied,,,,pharma_paragraph,2b,audit_recommendation,secure,Strong support,pharma_paragraph,2b,para,secure,False,,,pharma_paragraph,audit_recommendation,2b — secure,secure,independent_page_evidence,,1.0,pharma_paragraph,pharma_paragraph,pharma_paragraph,pharma_paragraph,membership_20261008_recommended_leaf,True,True,96,False,0.13784223,0.6650252248530801,f101v,0.09166856,f101v,0.09166856,f102v1,0.09326063,,,,not studied,,,
f93r,2 Late A + Pharma,Q:93-96,late_a_herbal,2a,previous_working_class_retained_audit_unresolved,uncertain_previous_class_retained,Unverified membership,,,para,multi_profile_uncertain,False,,,late_a_herbal,previous_working_class_retained_audit_unresolved,2a — uncertain previous class retained,none,recommendation_withheld,no_audit_assignment;previous_class_retained_with_uncertainty;affinity_is_not_assignment,0.59765625,early_a_y,late_a_herbal,early_a_y,late_a_herbal,membership_20261008_recommended_leaf,False,False,152,False,0.12703553,0.802850430899135,f54r,0.10199053,f54r,0.10199053,f51v,0.10357967,,,,not studied,,,,late_a_herbal,2a,previous_working_class_retained_audit_unresolved,uncertain_previous_class_retained,Unverified membership,,,para,multi_profile_uncertain,False,,,late_a_herbal,previous_working_class_retained_audit_unresolved,2a — uncertain previous class retained,none,recommendation_withheld,no_audit_assignment;previous_class_retained_with_uncertainty;affinity_is_not_assignment,0.59765625,early_a_y,late_a_herbal,early_a_y,late_a_herbal,membership_20261008_recommended_leaf,False,False,152,False,0.12703553,0.802850430899135,f54r,0.10199053,f54r,0.10199053,f51v,0.10357967,,,,not studied,,,
f93v,2 Late A + Pharma,Q:93-96,early_a_y,1b,audit_recommendation,leaning,Tentative support,early_a_y,1b,para,leaning,False,,,early_a_y,audit_recommendation,1b — leaning,qualified,qualified_page_evidence,retained_assignment_is_qualified,0.6875,early_a_y,late_a_herbal,early_a_y,late_a_herbal,membership_20261008_recommended_leaf,False,False,87,False,0.15843269,0.5966180338161273,f51v,0.0945238,f51v,0.0945238,f89v1,0.10690502,,,,not studied,,,,early_a_y,1b,audit_recommendation,leaning,Tentative support,early_a_y,1b,para,leaning,False,,,early_a_y,audit_recommendation,1b — leaning,qualified,qualified_page_evidence,retained_assignment_is_qualified,0.6875,early_a_y,late_a_herbal,early_a_y,late_a_herbal,membership_20261008_recommended_leaf,False,False,87,False,0.15843269,0.5966180338161273,f51v,0.0945238,f51v,0.0945238,f89v1,0.10690502,,,,not studied,,,
f94r,3a Herbal B,Q:94-95,herbal_b_a,3a,audit_recommendation,secure,Strong support,herbal_b_a,3a,para,secure,False,,,herbal_b_a,audit_recommendation,3a — secure,secure,independent_page_evidence,,0.984375,herbal_b_a,herbal_b_a,herbal_b_a,herbal_b_a,membership_20261008_recommended_leaf,True,True,79,False,0.10831352,0.6331299176686346,f55r,0.06857653,f55r,0.06857653,f39v,0.07374614,,,,not studied,,,,herbal_b_a,3a,audit_recommendation,secure,Strong support,herbal_b_a,3a,para,secure,False,,,herbal_b_a,audit_recommendation,3a — secure,secure,independent_page_evidence,,0.984375,herbal_b_a,herbal_b_a,herbal_b_a,herbal_b_a,membership_20261008_recommended_leaf,True,True,79,False,0.10831352,0.6331299176686346,f55r,0.06857653,f55r,0.06857653,f39v,0.07374614,,,,not studied,,,
f94v,3a Herbal B,Q:94-95,herbal_b_a,3a,audit_recommendation,context_supported,Strong support,herbal_b_a,3a,para,context_supported,False,,,herbal_b_a,audit_recommendation,3a — context supported,qualified,validated_page_assistance,retained_assignment_is_qualified,0.60546875,herbal_b_a,,herbal_b_a,,membership_20261008_recommended_leaf,False,True,97,False,0.16647383,0.3912724300269899,f85r1,0.06513662,f85r1,0.06513662,f112r,0.0763583,,,,not studied,,,,herbal_b_a,3a,audit_recommendation,context_supported,Strong support,herbal_b_a,3a,para,context_supported,False,,,herbal_b_a,audit_recommendation,3a — context supported,qualified,validated_page_assistance,retained_assignment_is_qualified,0.60546875,herbal_b_a,,herbal_b_a,,membership_20261008_recommended_leaf,False,True,97,False,0.16647383,0.3912724300269899,f85r1,0.06513662,f85r1,0.06513662,f112r,0.0763583,,,,not studied,,,
f95r1,3a Herbal B,Q:94-95,herbal_b_a,3a,audit_recommendation,secure,Strong support,herbal_b_a,3a,para,secure,False,,,herbal_b_a,audit_recommendation,3a — secure,secure,independent_page_evidence,,0.99609375,herbal_b_a,herbal_b_a,herbal_b_a,herbal_b_a,membership_20261008_recommended_leaf,True,True,101,False,0.11791483,0.6901636545632132,f34v,0.08138053,f34v,0.08138053,f50v,0.08205433,,,,not studied,,,,herbal_b_a,3a,audit_recommendation,secure,Strong support,herbal_b_a,3a,para,secure,False,,,herbal_b_a,audit_recommendation,3a — secure,secure,independent_page_evidence,,0.99609375,herbal_b_a,herbal_b_a,herbal_b_a,herbal_b_a,membership_20261008_recommended_leaf,True,True,101,False,0.11791483,0.6901636545632132,f34v,0.08138053,f34v,0.08138053,f50v,0.08205433,,,,not studied,,,
f95r2,3a Herbal B,Q:94-95,herbal_b_a,3a,audit_recommendation,secure,Strong support,herbal_b_a,3a,para,secure,False,,,herbal_b_a,audit_recommendation,3a — secure,secure,independent_page_evidence,,0.99609375,herbal_b_a,herbal_b_a,herbal_b_a,herbal_b_a,membership_20261008_recommended_leaf,True,True,79,False,0.11796703,0.6866053167567243,f86v6,0.08099679,f86v6,0.08099679,f43r,0.08953687,,,,not studied,,,,herbal_b_a,3a,audit_recommendation,secure,Strong support,herbal_b_a,3a,para,secure,False,,,herbal_b_a,audit_recommendation,3a — secure,secure,independent_page_evidence,,0.99609375,herbal_b_a,herbal_b_a,herbal_b_a,herbal_b_a,membership_20261008_recommended_leaf,True,True,79,False,0.11796703,0.6866053167567243,f86v6,0.08099679,f86v6,0.08099679,f43r,0.08953687,,,,not studied,,,
f95v2,3a Herbal B,Q:94-95,herbal_b_a,3a,audit_recommendation,secure,Strong support,herbal_b_a,3a,para,secure,False,,,herbal_b_a,audit_recommendation,3a — secure,secure,independent_page_evidence,,0.9765625,herbal_b_a,herbal_b_a,herbal_b_a,herbal_b_a,membership_20261008_recommended_leaf,True,True,60,False,0.15520165,0.6058427858208981,f39v,0.0940278,f39v,0.0940278,f33r,0.09662801,,,,not studied,,,,herbal_b_a,3a,audit_recommendation,secure,Strong support,herbal_b_a,3a,para,secure,False,,,herbal_b_a,audit_recommendation,3a — secure,secure,independent_page_evidence,,0.9765625,herbal_b_a,herbal_b_a,herbal_b_a,herbal_b_a,membership_20261008_recommended_leaf,True,True,60,False,0.15520165,0.6058427858208981,f39v,0.0940278,f39v,0.0940278,f33r,0.09662801,,,,not studied,,,
f95v1,3a Herbal B,Q:94-95,herbal_b_a,3a,audit_recommendation,secure,Strong support,herbal_b_a,3a,para,secure,False,,,herbal_b_a,audit_recommendation,3a — secure,secure,independent_page_evidence,,0.97265625,herbal_b_a,herbal_b_a,herbal_b_a,herbal_b_a,membership_20261008_recommended_leaf,True,True,118,False,0.10222485,0.8311443841688199,f106v,0.08496361,f106v,0.08496361,f86v6,0.08534813,,,,not studied,,,,herbal_b_a,3a,audit_recommendation,secure,Strong support,herbal_b_a,3a,para,secure,False,,,herbal_b_a,audit_recommendation,3a — secure,secure,independent_page_evidence,,0.97265625,herbal_b_a,herbal_b_a,herbal_b_a,herbal_b_a,membership_20261008_recommended_leaf,True,True,118,False,0.10222485,0.8311443841688199,f106v,0.08496361,f106v,0.08496361,f86v6,0.08534813,,,,not studied,,,
f96r,2 Late A + Pharma,Q:93-96,pharma_paragraph,2b,audit_recommendation,leaning,Tentative support,pharma_paragraph,2b,para,leaning,False,2ab,late_a_herbal;pharma_paragraph,pharma_paragraph,audit_recommendation,2b — leaning,qualified,qualified_page_evidence,retained_assignment_is_qualified,0.6640625,pharma_paragraph,late_a_herbal,pharma_paragraph,late_a_herbal,membership_20261008_recommended_leaf,False,False,84,False,0.14765036,0.6278741209977409,f101v,0.09270584,f101v,0.09270584,f101r,0.09788778,,,,not studied,,,,pharma_paragraph,2b,audit_recommendation,leaning,Tentative support,pharma_paragraph,2b,para,leaning,False,2ab,late_a_herbal;pharma_paragraph,pharma_paragraph,audit_recommendation,2b — leaning,qualified,qualified_page_evidence,retained_assignment_is_qualified,0.6640625,pharma_paragraph,late_a_herbal,pharma_paragraph,late_a_herbal,membership_20261008_recommended_leaf,False,False,84,False,0.14765036,0.6278741209977409,f101v,0.09270584,f101v,0.09270584,f101r,0.09788778,,,,not studied,,,
f96v,2 Late A + Pharma,Q:93-96,late_a_herbal,2a,audit_recommendation,leaning,Tentative support,late_a_herbal,2a,para,leaning,False,2ab,late_a_herbal;pharma_paragraph,late_a_herbal,audit_recommendation,2a — leaning,qualified,qualified_page_evidence,retained_assignment_is_qualified,0.9453125,late_a_herbal,late_a_herbal,late_a_herbal,,membership_20261008_recommended_leaf,False,False,56,True,0.20699089,,,,f87r,0.14471055,f87v,0.1508366,99.50657894736842,99.67105263157895,19,rankable,56,paragraph,0,late_a_herbal,2a,audit_recommendation,leaning,Tentative support,late_a_herbal,2a,para,leaning,False,2ab,late_a_herbal;pharma_paragraph,late_a_herbal,audit_recommendation,2a — leaning,qualified,qualified_page_evidence,retained_assignment_is_qualified,0.9453125,late_a_herbal,late_a_herbal,late_a_herbal,,membership_20261008_recommended_leaf,False,False,56,True,0.20699089,,,,f87r,0.14471055,f87v,0.1508366,,,,not studied,,,
f99r,2 Late A + Pharma,S:99-102,pharma_paragraph,2b,audit_recommendation,secure,Strong support,pharma_paragraph,2b,para,secure,False,,,pharma_paragraph,audit_recommendation,2b — secure,secure,independent_page_evidence,,1.0,pharma_paragraph,pharma_paragraph,pharma_paragraph,pharma_paragraph,membership_20261008_recommended_leaf,True,True,158,False,0.12124855,0.6226457965889077,f101r,0.0754949,f101r,0.0754949,f89r2,0.07619019,,,,not studied,,,,pharma_paragraph,2b,audit_recommendation,secure,Strong support,pharma_paragraph,2b,para,secure,False,,,pharma_paragraph,audit_recommendation,2b — secure,secure,independent_page_evidence,,1.0,pharma_paragraph,pharma_paragraph,pharma_paragraph,pharma_paragraph,membership_20261008_recommended_leaf,True,True,158,False,0.12124855,0.6226457965889077,f101r,0.0754949,f101r,0.0754949,f89r2,0.07619019,,,,not studied,,,
f99v,2 Late A + Pharma,S:99-102,pharma_paragraph,2b,audit_recommendation,secure,Strong support,pharma_paragraph,2b,para,secure,False,,,pharma_paragraph,audit_recommendation,2b — secure,secure,independent_page_evidence,,1.0,pharma_paragraph,pharma_paragraph,pharma_paragraph,pharma_paragraph,membership_20261008_recommended_leaf,True,True,148,False,0.09883395,0.9415256599579396,f101v,0.0930547,f101v,0.0930547,f89r2,0.09316992,,,,not studied,,,,pharma_paragraph,2b,audit_recommendation,secure,Strong support,pharma_paragraph,2b,para,secure,False,,,pharma_paragraph,audit_recommendation,2b — secure,secure,independent_page_evidence,,1.0,pharma_paragraph,pharma_paragraph,pharma_paragraph,pharma_paragraph,membership_20261008_recommended_leaf,True,True,148,False,0.09883395,0.9415256599579396,f101v,0.0930547,f101v,0.0930547,f89r2,0.09316992,,,,not studied,,,
f100r,2 Late A + Pharma,S:100-101,pharma_paragraph,2b,audit_recommendation,leaning,Tentative support,pharma_paragraph,2b,para,leaning,False,2ab,late_a_herbal;pharma_paragraph,pharma_paragraph,audit_recommendation,2b — leaning,qualified,qualified_page_evidence,retained_assignment_is_qualified,0.91796875,pharma_paragraph,pharma_paragraph,pharma_paragraph,pharma_paragraph,membership_20261008_recommended_leaf,False,False,90,False,0.16061427,0.668964594490888,f102r1,0.10744526,f102r1,0.10744526,f89r2,0.1126176,,,,not studied,,,,pharma_paragraph,2b,audit_recommendation,leaning,Tentative support,pharma_paragraph,2b,para,leaning,False,2ab,late_a_herbal;pharma_paragraph,pharma_paragraph,audit_recommendation,2b — leaning,qualified,qualified_page_evidence,retained_assignment_is_qualified,0.91796875,pharma_paragraph,pharma_paragraph,pharma_paragraph,pharma_paragraph,membership_20261008_recommended_leaf,False,False,90,False,0.16061427,0.668964594490888,f102r1,0.10744526,f102r1,0.10744526,f89r2,0.1126176,,,,not studied,,,
f100v,2 Late A + Pharma,S:100-101,pharma_paragraph,2b,audit_recommendation,secure,Strong support,pharma_paragraph,2b,para,secure,False,,,pharma_paragraph,audit_recommendation,2b — secure,secure,independent_page_evidence,,0.9921875,pharma_paragraph,pharma_paragraph,pharma_paragraph,pharma_paragraph,membership_20261008_recommended_leaf,True,True,79,False,0.16555137,0.6090252832096769,f89r2,0.10082497,f89r2,0.10082497,f102v2,0.10259475,,,,not studied,,,,pharma_paragraph,2b,audit_recommendation,secure,Strong support,pharma_paragraph,2b,para,secure,False,,,pharma_paragraph,audit_recommendation,2b — secure,secure,independent_page_evidence,,0.9921875,pharma_paragraph,pharma_paragraph,pharma_paragraph,pharma_paragraph,membership_20261008_recommended_leaf,True,True,79,False,0.16555137,0.6090252832096769,f89r2,0.10082497,f89r2,0.10082497,f102v2,0.10259475,,,,not studied,,,
f101r,2 Late A + Pharma,S:100-101,pharma_paragraph,2b,audit_recommendation,secure,Strong support,pharma_paragraph,2b,para,secure,False,,,pharma_paragraph,audit_recommendation,2b — secure,secure,independent_page_evidence,,1.0,pharma_paragraph,pharma_paragraph,pharma_paragraph,pharma_paragraph,membership_20261008_recommended_leaf,True,True,227,False,0.10207737,0.6984298282763359,f89r2,0.07129388,f89r2,0.07129388,f99r,0.0754949,,,,not studied,,,,pharma_paragraph,2b,audit_recommendation,secure,Strong support,pharma_paragraph,2b,para,secure,False,,,pharma_paragraph,audit_recommendation,2b — secure,secure,independent_page_evidence,,1.0,pharma_paragraph,pharma_paragraph,pharma_paragraph,pharma_paragraph,membership_20261008_recommended_leaf,True,True,227,False,0.10207737,0.6984298282763359,f89r2,0.07129388,f89r2,0.07129388,f99r,0.0754949,,,,not studied,,,
f101v,2 Late A + Pharma,S:100-101,pharma_paragraph,2b,audit_recommendation,secure,Strong support,pharma_paragraph,2b,para,secure,False,,,pharma_paragraph,audit_recommendation,2b — secure,secure,independent_page_evidence,,1.0,pharma_paragraph,pharma_paragraph,pharma_paragraph,pharma_paragraph,membership_20261008_recommended_leaf,True,True,183,False,0.12725249,0.5214220169679981,f89r2,0.06635225,f89r2,0.06635225,f102v1,0.07554205,,,,not studied,,,,pharma_paragraph,2b,audit_recommendation,secure,Strong support,pharma_paragraph,2b,para,secure,False,,,pharma_paragraph,audit_recommendation,2b — secure,secure,independent_page_evidence,,1.0,pharma_paragraph,pharma_paragraph,pharma_paragraph,pharma_paragraph,membership_20261008_recommended_leaf,True,True,183,False,0.12725249,0.5214220169679981,f89r2,0.06635225,f89r2,0.06635225,f102v1,0.07554205,,,,not studied,,,
f102r1,2 Late A + Pharma,S:99-102,pharma_paragraph,2b,audit_recommendation,secure,Strong support,pharma_paragraph,2b,para,secure,False,,,pharma_paragraph,audit_recommendation,2b — secure,secure,independent_page_evidence,,1.0,pharma_paragraph,pharma_paragraph,pharma_paragraph,pharma_paragraph,membership_20261008_recommended_leaf,True,True,102,False,0.10188252,0.8440362488089223,f101v,0.08599254,f101v,0.08599254,f88v,0.0971849,,,,not studied,,,,pharma_paragraph,2b,audit_recommendation,secure,Strong support,pharma_paragraph,2b,para,secure,False,,,pharma_paragraph,audit_recommendation,2b — secure,secure,independent_page_evidence,,1.0,pharma_paragraph,pharma_paragraph,pharma_paragraph,pharma_paragraph,membership_20261008_recommended_leaf,True,True,102,False,0.10188252,0.8440362488089223,f101v,0.08599254,f101v,0.08599254,f88v,0.0971849,,,,not studied,,,
f102r2,2 Late A + Pharma,S:99-102,pharma_paragraph,2b,audit_recommendation,secure,Strong support,pharma_paragraph,2b,para,secure,False,,,pharma_paragraph,audit_recommendation,2b — secure,secure,independent_page_evidence,,1.0,pharma_paragraph,pharma_paragraph,pharma_paragraph,pharma_paragraph,membership_20261008_recommended_leaf,True,True,137,False,0.13453807,0.6186859228766994,f89r2,0.08323681,f89r2,0.08323681,f101v,0.09802765,,,,not studied,,,,pharma_paragraph,2b,audit_recommendation,secure,Strong support,pharma_paragraph,2b,para,secure,False,,,pharma_paragraph,audit_recommendation,2b — secure,secure,independent_page_evidence,,1.0,pharma_paragraph,pharma_paragraph,pharma_paragraph,pharma_paragraph,membership_20261008_recommended_leaf,True,True,137,False,0.13453807,0.6186859228766994,f89r2,0.08323681,f89r2,0.08323681,f101v,0.09802765,,,,not studied,,,
f102v2,2 Late A + Pharma,S:99-102,pharma_paragraph,2b,audit_recommendation,secure,Strong support,pharma_paragraph,2b,para,secure,False,,,pharma_paragraph,audit_recommendation,2b — secure,secure,independent_page_evidence,,1.0,pharma_paragraph,pharma_paragraph,pharma_paragraph,pharma_paragraph,membership_20261008_recommended_leaf,True,True,165,False,0.10874493,0.7851430866707992,f101v,0.08538033,f101v,0.08538033,f101r,0.0935351,,,,not studied,,,,pharma_paragraph,2b,audit_recommendation,secure,Strong support,pharma_paragraph,2b,para,secure,False,,,pharma_paragraph,audit_recommendation,2b — secure,secure,independent_page_evidence,,1.0,pharma_paragraph,pharma_paragraph,pharma_paragraph,pharma_paragraph,membership_20261008_recommended_leaf,True,True,165,False,0.10874493,0.7851430866707992,f101v,0.08538033,f101v,0.08538033,f101r,0.0935351,,,,not studied,,,
f102v1,2 Late A + Pharma,S:99-102,pharma_paragraph,2b,audit_recommendation,secure,Strong support,pharma_paragraph,2b,para,secure,False,,,pharma_paragraph,audit_recommendation,2b — secure,secure,independent_page_evidence,,1.0,pharma_paragraph,pharma_paragraph,pharma_paragraph,pharma_paragraph,membership_20261008_recommended_leaf,True,True,118,False,0.11217636,0.6734221898446339,f101v,0.07554205,f101v,0.07554205,f89r2,0.07889962,,,,not studied,,,,pharma_paragraph,2b,audit_recommendation,secure,Strong support,pharma_paragraph,2b,para,secure,False,,,pharma_paragraph,audit_recommendation,2b — secure,secure,independent_page_evidence,,1.0,pharma_paragraph,pharma_paragraph,pharma_paragraph,pharma_paragraph,membership_20261008_recommended_leaf,True,True,118,False,0.11217636,0.6734221898446339,f101v,0.07554205,f101v,0.07554205,f89r2,0.07889962,,,,not studied,,,
f103r,3b Stars,T:103-116,stars_s,4c,previous_working_class_retained_audit_unresolved,uncertain_previous_class_retained,Unverified membership,,,para,two_profile_boundary,True,4ac,stars_s;bio_paragraph,stars_s,previous_working_class_retained_audit_unresolved,4c — uncertain previous class retained,none,recommendation_withheld,no_audit_assignment;previous_class_retained_with_uncertainty;affinity_is_not_assignment;intermediate_candidate_not_confirmed,0.63671875,stars_s,stars_s,stars_s,stars_s,membership_20261008_recommended_leaf,False,False,523,False,0.04947519,0.8619231174251174,f76r,0.04264381,f76r,0.04264381,f108v,0.04374689,,,,not studied,,,,stars_s,4c,previous_working_class_retained_audit_unresolved,uncertain_previous_class_retained,Unverified membership,,,para,two_profile_boundary,True,4ac,stars_s;bio_paragraph,stars_s,previous_working_class_retained_audit_unresolved,4c — uncertain previous class retained,none,recommendation_withheld,no_audit_assignment;previous_class_retained_with_uncertainty;affinity_is_not_assignment;intermediate_candidate_not_confirmed,0.63671875,stars_s,stars_s,stars_s,stars_s,membership_20261008_recommended_leaf,False,False,523,False,0.04947519,0.8619231174251174,f76r,0.04264381,f76r,0.04264381,f108v,0.04374689,,,,not studied,,,
f103v,3b Stars,T:103-116,stars_s,4c,audit_recommendation,leaning,Tentative support,stars_s,4c,para,leaning,False,4ac,stars_s;bio_paragraph,stars_s,audit_recommendation,4c — leaning,qualified,qualified_page_evidence,retained_assignment_is_qualified,0.7265625,stars_s,stars_s,stars_s,stars_s,membership_20261008_recommended_leaf,False,False,453,False,0.05843011,0.756354386462733,f76r,0.04419387,f76r,0.04419387,f79r,0.04719152,,,,not studied,,,,stars_s,4c,audit_recommendation,leaning,Tentative support,stars_s,4c,para,leaning,False,4ac,stars_s;bio_paragraph,stars_s,audit_recommendation,4c — leaning,qualified,qualified_page_evidence,retained_assignment_is_qualified,0.7265625,stars_s,stars_s,stars_s,stars_s,membership_20261008_recommended_leaf,False,False,453,False,0.05843011,0.756354386462733,f76r,0.04419387,f76r,0.04419387,f79r,0.04719152,,,,not studied,,,
f104r,3b Stars,T:104-115,stars_t,3c,audit_recommendation,secure,Strong support,stars_t,3c,para,secure,False,,,stars_t,audit_recommendation,3c — secure,secure,independent_page_evidence,,1.0,stars_t,stars_t,stars_t,stars_t,membership_20261008_recommended_leaf,True,True,448,False,0.04538218,0.9316866223702784,f106r,0.04228197,f106r,0.04228197,f106v,0.04443158,,,,not studied,,,,stars_t,3c,audit_recommendation,secure,Strong support,stars_t,3c,para,secure,False,,,stars_t,audit_recommendation,3c — secure,secure,independent_page_evidence,,1.0,stars_t,stars_t,stars_t,stars_t,membership_20261008_recommended_leaf,True,True,448,False,0.04538218,0.9316866223702784,f106r,0.04228197,f106r,0.04228197,f106v,0.04443158,,,,not studied,,,
f104v,3b Stars,T:104-115,stars_t,3c,audit_recommendation,secure,Strong support,stars_t,3c,para,secure,False,,,stars_t,audit_recommendation,3c — secure,secure,independent_page_evidence,,1.0,stars_t,stars_t,stars_t,stars_t,membership_20261008_recommended_leaf,True,True,475,False,0.05184818,0.8048211142609056,f106r,0.04172851,f106r,0.04172851,f114v,0.04913614,,,,not studied,,,,stars_t,3c,audit_recommendation,secure,Strong support,stars_t,3c,para,secure,False,,,stars_t,audit_recommendation,3c — secure,secure,independent_page_evidence,,1.0,stars_t,stars_t,stars_t,stars_t,membership_20261008_recommended_leaf,True,True,475,False,0.05184818,0.8048211142609056,f106r,0.04172851,f106r,0.04172851,f114v,0.04913614,,,,not studied,,,
f105r,3b Stars,T:105-114,stars_t,3c,audit_recommendation,leaning,Tentative support,stars_t,3c,para,leaning,False,3bc,herbal_b_e;stars_t,stars_t,audit_recommendation,3c — leaning,qualified,qualified_page_evidence,retained_assignment_is_qualified,0.85546875,stars_t,stars_t,stars_t,stars_t,membership_20261008_recommended_leaf,False,False,378,False,0.06882315,0.9271676754115439,f85r1,0.0638106,f85r1,0.0638106,f104v,0.065221,,,,not studied,,,,stars_t,3c,audit_recommendation,leaning,Tentative support,stars_t,3c,para,leaning,False,3bc,herbal_b_e;stars_t,stars_t,audit_recommendation,3c — leaning,qualified,qualified_page_evidence,retained_assignment_is_qualified,0.85546875,stars_t,stars_t,stars_t,stars_t,membership_20261008_recommended_leaf,False,False,378,False,0.06882315,0.9271676754115439,f85r1,0.0638106,f85r1,0.0638106,f104v,0.065221,,,,not studied,,,
f105v,3b Stars,T:105-114,stars_t,3c,audit_recommendation,secure,Strong support,stars_t,3c,para,secure,False,,,stars_t,audit_recommendation,3c — secure,secure,independent_page_evidence,,1.0,stars_t,stars_t,stars_t,stars_t,membership_20261008_recommended_leaf,True,True,399,False,0.07730667,0.8529571898517943,f113v,0.06593928,f113v,0.06593928,f107r,0.06771915,,,,not studied,,,,stars_t,3c,audit_recommendation,secure,Strong support,stars_t,3c,para,secure,False,,,stars_t,audit_recommendation,3c — secure,secure,independent_page_evidence,,1.0,stars_t,stars_t,stars_t,stars_t,membership_20261008_recommended_leaf,True,True,399,False,0.07730667,0.8529571898517943,f113v,0.06593928,f113v,0.06593928,f107r,0.06771915,,,,not studied,,,
f106r,3b Stars,T:106-113,stars_t,3c,audit_recommendation,secure,Strong support,stars_t,3c,para,secure,False,,,stars_t,audit_recommendation,3c — secure,secure,independent_page_evidence,,1.0,stars_t,stars_t,stars_t,stars_t,membership_20261008_recommended_leaf,True,True,431,False,0.05676386,0.7351246021676469,f104v,0.04172851,f104v,0.04172851,f104r,0.04228197,,,,not studied,,,,stars_t,3c,audit_recommendation,secure,Strong support,stars_t,3c,para,secure,False,,,stars_t,audit_recommendation,3c — secure,secure,independent_page_evidence,,1.0,stars_t,stars_t,stars_t,stars_t,membership_20261008_recommended_leaf,True,True,431,False,0.05676386,0.7351246021676469,f104v,0.04172851,f104v,0.04172851,f104r,0.04228197,,,,not studied,,,
f106v,3b Stars,T:106-113,stars_t,3c,audit_recommendation,secure,Strong support,stars_t,3c,para,secure,False,,,stars_t,audit_recommendation,3c — secure,secure,independent_page_evidence,,0.99609375,stars_t,stars_t,stars_t,stars_t,membership_20261008_recommended_leaf,True,True,444,False,0.05243962,0.8472902740332595,f104r,0.04443158,f104r,0.04443158,f107r,0.04607614,,,,not studied,,,,stars_t,3c,audit_recommendation,secure,Strong support,stars_t,3c,para,secure,False,,,stars_t,audit_recommendation,3c — secure,secure,independent_page_evidence,,0.99609375,stars_t,stars_t,stars_t,stars_t,membership_20261008_recommended_leaf,True,True,444,False,0.05243962,0.8472902740332595,f104r,0.04443158,f104r,0.04443158,f107r,0.04607614,,,,not studied,,,
f107r,3b Stars,T:107-112,stars_t,3c,audit_recommendation,secure,Strong support,stars_t,3c,para,secure,False,,,stars_t,audit_recommendation,3c — secure,secure,independent_page_evidence,,1.0,stars_t,stars_t,stars_t,stars_t,membership_20261008_recommended_leaf,True,True,487,False,0.0512661,0.7401157880158623,f113v,0.03794285,f113v,0.03794285,f106v,0.04607614,,,,not studied,,,,stars_t,3c,audit_recommendation,secure,Strong support,stars_t,3c,para,secure,False,,,stars_t,audit_recommendation,3c — secure,secure,independent_page_evidence,,1.0,stars_t,stars_t,stars_t,stars_t,membership_20261008_recommended_leaf,True,True,487,False,0.0512661,0.7401157880158623,f113v,0.03794285,f113v,0.03794285,f106v,0.04607614,,,,not studied,,,
f107v,3b Stars,T:107-112,stars_t,3c,previous_working_class_retained_audit_unresolved,uncertain_previous_class_retained,Unverified membership,,,para,two_profile_boundary,True,3c/4c,stars_s;stars_t,stars_t,previous_working_class_retained_audit_unresolved,3c — uncertain previous class retained,none,recommendation_withheld,no_audit_assignment;previous_class_retained_with_uncertainty;affinity_is_not_assignment;intermediate_candidate_not_confirmed,0.66796875,stars_s,stars_t,stars_s,stars_t,membership_20261008_recommended_leaf,False,False,462,False,0.04325677,1.089555923847296,f113v,0.04713067,f113v,0.04713067,f104r,0.04975637,,,,not studied,,,,stars_t,3c,previous_working_class_retained_audit_unresolved,uncertain_previous_class_retained,Unverified membership,,,para,two_profile_boundary,True,3c/4c,stars_s;stars_t,stars_t,previous_working_class_retained_audit_unresolved,3c — uncertain previous class retained,none,recommendation_withheld,no_audit_assignment;previous_class_retained_with_uncertainty;affinity_is_not_assignment;intermediate_candidate_not_confirmed,0.66796875,stars_s,stars_t,stars_s,stars_t,membership_20261008_recommended_leaf,False,False,462,False,0.04325677,1.089555923847296,f113v,0.04713067,f113v,0.04713067,f104r,0.04975637,,,,not studied,,,
f108r,3b Stars,T:108-111,stars_s,4c,audit_recommendation,secure,Strong support,stars_s,4c,para,secure,False,,,stars_s,audit_recommendation,4c — secure,secure,independent_page_evidence,,0.94140625,stars_s,stars_s,stars_s,stars_s,membership_20261008_recommended_leaf,True,True,493,False,0.04726253,0.9297627528615163,f112r,0.04394294,f112r,0.04394294,f112v,0.04510866,,,,not studied,,,,stars_s,4c,audit_recommendation,secure,Strong support,stars_s,4c,para,secure,False,,,stars_s,audit_recommendation,4c — secure,secure,independent_page_evidence,,0.94140625,stars_s,stars_s,stars_s,stars_s,membership_20261008_recommended_leaf,True,True,493,False,0.04726253,0.9297627528615163,f112r,0.04394294,f112r,0.04394294,f112v,0.04510866,,,,not studied,,,
f108v,3b Stars,T:108-111,stars_s,4c,audit_recommendation,secure,Strong support,stars_s,4c,para,secure,False,,,stars_s,audit_recommendation,4c — secure,secure,independent_page_evidence,,0.984375,stars_s,stars_s,stars_s,stars_s,membership_20261008_recommended_leaf,True,True,580,False,0.03981221,1.0988309867751627,f103r,0.04374689,f103r,0.04374689,f103v,0.04784775,,,,not studied,,,,stars_s,4c,audit_recommendation,secure,Strong support,stars_s,4c,para,secure,False,,,stars_s,audit_recommendation,4c — secure,secure,independent_page_evidence,,0.984375,stars_s,stars_s,stars_s,stars_s,membership_20261008_recommended_leaf,True,True,580,False,0.03981221,1.0988309867751627,f103r,0.04374689,f103r,0.04374689,f103v,0.04784775,,,,not studied,,,
f111r,3b Stars,T:108-111,stars_s,4c,audit_recommendation,secure,Strong support,stars_s,4c,para,secure,False,,,stars_s,audit_recommendation,4c — secure,secure,independent_page_evidence,,1.0,stars_s,stars_s,stars_s,stars_s,membership_20261008_recommended_leaf,True,True,622,False,0.04099156,1.2130706906494897,f103r,0.04972566,f103r,0.04972566,f112v,0.05623654,,,,not studied,,,,stars_s,4c,audit_recommendation,secure,Strong support,stars_s,4c,para,secure,False,,,stars_s,audit_recommendation,4c — secure,secure,independent_page_evidence,,1.0,stars_s,stars_s,stars_s,stars_s,membership_20261008_recommended_leaf,True,True,622,False,0.04099156,1.2130706906494897,f103r,0.04972566,f103r,0.04972566,f112v,0.05623654,,,,not studied,,,
f111v,3b Stars,T:108-111,stars_s,4c,audit_recommendation,leaning,Tentative support,stars_s,4c,para,leaning,False,4ac,stars_s;bio_paragraph,stars_s,audit_recommendation,4c — leaning,qualified,qualified_page_evidence,retained_assignment_is_qualified,0.9375,stars_s,stars_s,stars_s,stars_s,membership_20261008_recommended_leaf,False,False,565,False,0.04096916,1.0995714825493128,f116r,0.04504852,f116r,0.04504852,f103v,0.04762195,,,,not studied,,,,stars_s,4c,audit_recommendation,leaning,Tentative support,stars_s,4c,para,leaning,False,4ac,stars_s;bio_paragraph,stars_s,audit_recommendation,4c — leaning,qualified,qualified_page_evidence,retained_assignment_is_qualified,0.9375,stars_s,stars_s,stars_s,stars_s,membership_20261008_recommended_leaf,False,False,565,False,0.04096916,1.0995714825493128,f116r,0.04504852,f116r,0.04504852,f103v,0.04762195,,,,not studied,,,
f112r,3b Stars,T:107-112,stars_s,4c,audit_recommendation,secure,Strong support,stars_s,4c,para,secure,False,,,stars_s,audit_recommendation,4c — secure,secure,independent_page_evidence,,0.96875,stars_s,stars_s,stars_s,stars_s,membership_20261008_recommended_leaf,True,True,398,False,0.06474936,0.6786621520274485,f108r,0.04394294,f108r,0.04394294,f113v,0.05505268,,,,not studied,,,,stars_s,4c,audit_recommendation,secure,Strong support,stars_s,4c,para,secure,False,,,stars_s,audit_recommendation,4c — secure,secure,independent_page_evidence,,0.96875,stars_s,stars_s,stars_s,stars_s,membership_20261008_recommended_leaf,True,True,398,False,0.06474936,0.6786621520274485,f108r,0.04394294,f108r,0.04394294,f113v,0.05505268,,,,not studied,,,
f112v,3b Stars,T:107-112,stars_s,4c,audit_recommendation,leaning,Tentative support,stars_s,4c,para,leaning,False,,stars_s;stars_t,stars_s,audit_recommendation,4c — leaning,qualified,qualified_page_evidence,retained_assignment_is_qualified,0.83984375,stars_s,stars_s,stars_s,stars_s,membership_20261008_recommended_leaf,False,False,419,False,0.05218506,0.8643979713734161,f108r,0.04510866,f108r,0.04510866,f108v,0.05116724,,,,not studied,,,,stars_s,4c,audit_recommendation,leaning,Tentative support,stars_s,4c,para,leaning,False,,stars_s;stars_t,stars_s,audit_recommendation,4c — leaning,qualified,qualified_page_evidence,retained_assignment_is_qualified,0.83984375,stars_s,stars_s,stars_s,stars_s,membership_20261008_recommended_leaf,False,False,419,False,0.05218506,0.8643979713734161,f108r,0.04510866,f108r,0.04510866,f108v,0.05116724,,,,not studied,,,
f113r,3b Stars,T:106-113,stars_t,3c,audit_recommendation,secure,Strong support,stars_t,3c,para,secure,False,,,stars_t,audit_recommendation,3c — secure,secure,independent_page_evidence,,0.99609375,stars_t,stars_t,stars_t,stars_t,membership_20261008_recommended_leaf,True,True,529,False,0.05185769,0.9147150596179661,f104r,0.04743501,f104r,0.04743501,f107r,0.04883442,,,,not studied,,,,stars_t,3c,audit_recommendation,secure,Strong support,stars_t,3c,para,secure,False,,,stars_t,audit_recommendation,3c — secure,secure,independent_page_evidence,,0.99609375,stars_t,stars_t,stars_t,stars_t,membership_20261008_recommended_leaf,True,True,529,False,0.05185769,0.9147150596179661,f104r,0.04743501,f104r,0.04743501,f107r,0.04883442,,,,not studied,,,
f113v,3b Stars,T:106-113,stars_t,3c,audit_recommendation,secure,Strong support,stars_t,3c,para,secure,False,,,stars_t,audit_recommendation,3c — secure,secure,independent_page_evidence,,0.97265625,stars_t,stars_t,stars_t,stars_t,membership_20261008_recommended_leaf,True,True,501,False,0.05512743,0.6882753286340394,f107r,0.03794285,f107r,0.03794285,f104r,0.04656612,,,,not studied,,,,stars_t,3c,audit_recommendation,secure,Strong support,stars_t,3c,para,secure,False,,,stars_t,audit_recommendation,3c — secure,secure,independent_page_evidence,,0.97265625,stars_t,stars_t,stars_t,stars_t,membership_20261008_recommended_leaf,True,True,501,False,0.05512743,0.6882753286340394,f107r,0.03794285,f107r,0.03794285,f104r,0.04656612,,,,not studied,,,
f114r,3b Stars,T:105-114,stars_t,3c,audit_recommendation,secure,Strong support,stars_t,3c,para,secure,False,,,stars_t,audit_recommendation,3c — secure,secure,independent_page_evidence,,0.99609375,stars_t,stars_t,stars_t,stars_t,membership_20261008_recommended_leaf,True,True,456,False,0.05023571,1.0320331891397574,f104v,0.05184492,f104v,0.05184492,f104r,0.05592076,,,,not studied,,,,stars_t,3c,audit_recommendation,secure,Strong support,stars_t,3c,para,secure,False,,,stars_t,audit_recommendation,3c — secure,secure,independent_page_evidence,,0.99609375,stars_t,stars_t,stars_t,stars_t,membership_20261008_recommended_leaf,True,True,456,False,0.05023571,1.0320331891397574,f104v,0.05184492,f104v,0.05184492,f104r,0.05592076,,,,not studied,,,
f114v,3b Stars,T:105-114,stars_t,3c,audit_recommendation,secure,Strong support,stars_t,3c,para,secure,False,,,stars_t,audit_recommendation,3c — secure,secure,independent_page_evidence,,1.0,stars_t,stars_t,stars_t,stars_t,membership_20261008_recommended_leaf,True,True,374,False,0.05562909,0.8832813910851319,f104v,0.04913614,f104v,0.04913614,f104r,0.05263758,,,,not studied,,,,stars_t,3c,audit_recommendation,secure,Strong support,stars_t,3c,para,secure,False,,,stars_t,audit_recommendation,3c — secure,secure,independent_page_evidence,,1.0,stars_t,stars_t,stars_t,stars_t,membership_20261008_recommended_leaf,True,True,374,False,0.05562909,0.8832813910851319,f104v,0.04913614,f104v,0.04913614,f104r,0.05263758,,,,not studied,,,
f115r,3b Stars,T:104-115,stars_t,3c,audit_recommendation,secure,Strong support,stars_t,3c,para,secure,False,,,stars_t,audit_recommendation,3c — secure,secure,independent_page_evidence,,1.0,stars_t,stars_t,stars_t,stars_t,membership_20261008_recommended_leaf,True,True,461,False,0.05550459,0.8196316737048233,f106r,0.04549332,f106r,0.04549332,f113r,0.05014576,,,,not studied,,,,stars_t,3c,audit_recommendation,secure,Strong support,stars_t,3c,para,secure,False,,,stars_t,audit_recommendation,3c — secure,secure,independent_page_evidence,,1.0,stars_t,stars_t,stars_t,stars_t,membership_20261008_recommended_leaf,True,True,461,False,0.05550459,0.8196316737048233,f106r,0.04549332,f106r,0.04549332,f113r,0.05014576,,,,not studied,,,
f115v,3b Stars,T:104-115,stars_t,3c,audit_recommendation,secure,Strong support,stars_t,3c,para,secure,False,,,stars_t,audit_recommendation,3c — secure,secure,independent_page_evidence,,0.98046875,stars_t,stars_t,stars_t,stars_t,membership_20261008_recommended_leaf,True,True,408,False,0.05631492,0.7610384601451977,f106r,0.04285782,f106r,0.04285782,f113r,0.05097212,,,,not studied,,,,stars_t,3c,audit_recommendation,secure,Strong support,stars_t,3c,para,secure,False,,,stars_t,audit_recommendation,3c — secure,secure,independent_page_evidence,,0.98046875,stars_t,stars_t,stars_t,stars_t,membership_20261008_recommended_leaf,True,True,408,False,0.05631492,0.7610384601451977,f106r,0.04285782,f106r,0.04285782,f113r,0.05097212,,,,not studied,,,
f116r,3b Stars,T:103-116,stars_s,4c,previous_working_class_retained_audit_unresolved,uncertain_previous_class_retained,Unverified membership,,,para,two_profile_boundary,True,4ac,stars_s;bio_paragraph,stars_s,previous_working_class_retained_audit_unresolved,4c — uncertain previous class retained,none,recommendation_withheld,no_audit_assignment;previous_class_retained_with_uncertainty;affinity_is_not_assignment;intermediate_candidate_not_confirmed,0.546875,stars_s,stars_s,stars_s,stars_s,membership_20261008_recommended_leaf,False,False,545,False,0.04975432,0.905419268115814,f111v,0.04504852,f111v,0.04504852,f76r,0.04530245,,,,not studied,,,,stars_s,4c,previous_working_class_retained_audit_unresolved,uncertain_previous_class_retained,Unverified membership,,,para,two_profile_boundary,True,4ac,stars_s;bio_paragraph,stars_s,previous_working_class_retained_audit_unresolved,4c — uncertain previous class retained,none,recommendation_withheld,no_audit_assignment;previous_class_retained_with_uncertainty;affinity_is_not_assignment;intermediate_candidate_not_confirmed,0.546875,stars_s,stars_s,stars_s,stars_s,membership_20261008_recommended_leaf,False,False,545,False,0.04975432,0.905419268115814,f111v,0.04504852,f111v,0.04504852,f76r,0.04530245,,,,not studied,,,
